model_name,time,actual_O3,predicted_O3,actual_NO2,predicted_NO2
Elastic Net,1,21.29,23.480492,46.11582622309198,24.162333
Elastic Net,2,27.900000000000002,23.163956,45.27883600782779,24.388235
Elastic Net,3,59.4,23.298824,8.05559843444227,24.204554
Elastic Net,4,61.96,23.392494,10.338299021526419,24.122309
Elastic Net,5,64.53,22.38522,7.644712328767125,24.78145
Elastic Net,6,61.47999999999999,21.890587,13.701477886497068,25.120462
Elastic Net,7,67.01,21.736435,5.8337698630137,25.26455
Elastic Net,8,68.67,21.55456,4.433713502935421,25.375942
Elastic Net,9,59.64000000000001,20.502718,9.607834833659492,26.071632
Elastic Net,10,55.559999999999995,19.976192,14.58412211350294,26.388277
Elastic Net,11,52.1,20.015947,19.75824344422701,26.384848
Elastic Net,12,56.34000000000001,20.829992,20.15391154598826,25.852026
Elastic Net,13,57.63,21.180895,16.121140508806267,25.634474
Elastic Net,14,42.55,22.786657,25.221506849315073,24.899525
Elastic Net,15,47.61,24.52876,20.24521956947163,24.062246
Elastic Net,16,50.5,23.836126,18.921253228962822,24.290453
Elastic Net,17,56.580000000000005,23.864086,15.071098238747556,24.300045
Elastic Net,18,51.63999999999999,23.389387,22.132252054794527,24.504812
Elastic Net,19,45.41,22.708712,25.480212915851276,24.751822
Elastic Net,20,50.05,22.615097,20.61045166340509,24.72027
Elastic Net,21,45.7,22.207193,23.09098630136987,24.919674
Elastic Net,22,42.65,21.636547,22.253996086105676,25.24769
Elastic Net,23,32.48,20.824953,28.6303397260274,25.74346
Elastic Net,24,24.37,20.212553,36.49804774951077,26.144384
Elastic Net,25,24.509999999999998,19.591003,34.48927123287672,26.549328
Elastic Net,26,26.49,19.219429,27.869439530332684,26.778603
Elastic Net,27,25.400000000000002,18.06666,27.473771428571435,27.541105
Elastic Net,28,21.95,17.5211,24.856274755381612,27.930513
Elastic Net,29,20.93,17.128798,22.893152250489244,28.219421
Elastic Net,30,14.94,16.741743,25.221506849315073,28.512037
Elastic Net,31,13.320000000000002,16.3254,24.673658708414873,28.784758
Elastic Net,32,13.8,15.895082,24.080156555772998,29.08127
Elastic Net,33,13.09,15.570072,24.56713268101762,29.300198
Elastic Net,34,7.419999999999999,15.102461,28.93469980430529,29.558249
Elastic Net,35,0.6700000000000002,17.55944,42.55481330724071,29.723652
Elastic Net,36,3.1700000000000004,22.205925,48.58114285714287,28.722734
Elastic Net,37,9.1,19.4356,48.596360861056766,28.82583
Elastic Net,38,49.97,21.323063,9.927412915851274,27.946032
Elastic Net,39,50.98,22.135258,11.662265362035228,27.074932
Elastic Net,40,52.14,20.10989,14.766738160469671,27.754593
Elastic Net,41,43.55,19.761208,22.086598043052845,27.99484
Elastic Net,42,32.42,24.84049,35.12842739726028,27.301397
Elastic Net,43,16.56,18.84425,57.25540508806263,28.85991
Elastic Net,44,7.930000000000001,17.935955,66.416643444227,29.232409
Elastic Net,45,2.7600000000000002,17.170982,75.57788180039141,29.53402
Elastic Net,46,14.5,15.682992,64.08828884540118,29.807693
Elastic Net,47,9.34,14.9700985,73.91911937377692,30.03567
Elastic Net,48,15.26,15.395868,67.52755772994131,29.746996
Elastic Net,49,38.32,15.320134,32.389186692759296,29.757849
Elastic Net,50,51.300000000000004,15.610723,15.421112328767126,29.625404
Elastic Net,51,51.18,15.761246,12.92535968688846,29.57585
Elastic Net,52,56.059999999999995,16.398203,7.599058317025441,29.14627
Elastic Net,53,57.02000000000001,16.863731,10.338299021526419,28.80347
Elastic Net,54,52.29,16.903534,12.742743639921724,28.599718
Elastic Net,55,46.38,17.046234,20.549579647749514,28.48096
Elastic Net,56,50.629999999999995,17.476423,14.447160078277891,28.201132
Elastic Net,57,42.49,17.56313,26.77374324853229,28.084929
Elastic Net,58,31.99,18.380377,41.07866692759296,27.642221
Elastic Net,59,34.51,23.304455,34.38274520547946,26.077307
Elastic Net,60,42.57,33.99588,16.440718590998046,23.827879
Elastic Net,61,41.98,34.55169,17.262490802348342,24.04548
Elastic Net,62,43.41,41.450165,16.395064579256363,23.039595
Elastic Net,63,45.68,44.41127,15.725472407045013,22.928038
Elastic Net,64,37.17,41.03547,24.414952641878678,24.068342
Elastic Net,65,39.2,36.075188,23.8062324853229,24.8354
Elastic Net,66,31.75,29.301128,35.00668336594912,26.336365
Elastic Net,67,21.53,25.796944,46.252788258317025,27.09973
Elastic Net,68,21.73,24.224562,43.22440547945206,27.166048
Elastic Net,69,19.66,23.354261,41.733041095890414,27.32777
Elastic Net,70,20.02,23.005453,40.667780821917816,27.557463
Elastic Net,71,25.360000000000003,22.369228,34.67188727984345,27.873568
Elastic Net,72,33.06,22.891,31.506542465753434,27.340063
Elastic Net,73,40.43,23.68164,25.20628884540118,26.669119
Elastic Net,74,39.24,23.928776,25.830227005870846,26.204239
Elastic Net,75,46.12,24.773384,16.258102544031313,25.363482
Elastic Net,76,49.019999999999996,26.291922,14.995008219178086,24.130213
Elastic Net,77,45.6,27.192516,12.423165557729945,23.394386
Elastic Net,78,42.18,29.026264,13.290591780821918,22.220242
Elastic Net,79,39.63,28.883577,13.990619960861059,22.332373
Elastic Net,80,36.54,29.847876,23.851886497064587,21.916502
Elastic Net,81,43.69,31.112385,14.888482191780824,21.19805
Elastic Net,82,42.58,32.376965,17.74946692759296,20.445433
Elastic Net,83,42.77,33.455757,16.942912720156556,19.723928
Elastic Net,84,43.08,33.764023,16.364628571428575,19.365746
Elastic Net,85,46.15,34.3619,13.777567906066539,18.90146
Elastic Net,86,45.69,32.37395,20.82350371819961,19.737171
Elastic Net,87,40.21,30.123428,31.3239264187867,20.89452
Elastic Net,88,43.68,31.418781,21.325697847358125,20.016872
Elastic Net,89,45.87,32.37463,18.510367123287676,19.366646
Elastic Net,90,41.32,31.384253,27.702041487279853,19.87612
Elastic Net,91,34.02,28.830454,40.13515068493151,21.432217
Elastic Net,92,20.92,27.663584,58.381537377690805,22.19566
Elastic Net,93,38.34,27.693983,32.19135264187868,22.29141
Elastic Net,94,22.76,29.008595,44.57880782778866,21.532091
Elastic Net,95,30.29,30.050781,31.034784344422704,20.888865
Elastic Net,96,35.35,31.483988,23.136640313111556,20.004757
Elastic Net,97,41.1,31.885214,19.393011350293545,19.740175
Elastic Net,98,43.22,32.486595,18.692983170254408,19.363007
Elastic Net,99,56.150000000000006,33.778553,8.131688454011742,18.509674
Elastic Net,100,55.32,35.33513,9.242602739726028,17.547909
Elastic Net,101,63.59,37.39589,4.859817612524464,16.189737
Elastic Net,102,59.17,38.38024,5.331575733855186,15.479365
Elastic Net,103,56.44,39.87397,5.970731898238748,14.379184
Elastic Net,104,56.39,42.044968,5.635935812133074,12.794439
Elastic Net,105,53.14,41.813297,10.444825048923681,12.77843
Elastic Net,106,53.86000000000001,41.766495,13.062321722113506,12.718815
Elastic Net,107,54.290000000000006,41.717667,13.777567906066539,12.742193
Elastic Net,108,55.7,40.973915,13.8840939334638,13.171756
Elastic Net,109,58.190000000000005,42.776176,13.777567906066539,13.377487
Elastic Net,110,57.47999999999999,43.703114,15.938524461839531,13.469562
Elastic Net,111,53.82,42.064045,18.66254716242662,13.881756
Elastic Net,112,53.36,42.428326,15.771126418786695,13.48134
Elastic Net,113,51.17,41.83999,18.571239138943252,13.525179
Elastic Net,114,55.25,40.072548,16.45593659491194,14.147081
Elastic Net,115,60.1,38.179314,15.527638356164388,15.029107
Elastic Net,116,56.17,36.2538,18.875599217221136,16.103155
Elastic Net,117,50.69,34.46852,24.62800469667319,17.125153
Elastic Net,118,49.62,32.439095,20.45827162426615,18.326632
Elastic Net,119,44.43,30.844137,26.77374324853229,19.31872
Elastic Net,120,50.370000000000005,29.47344,17.855992954990217,20.186207
Elastic Net,121,38.38,27.546928,33.86533307240705,21.33748
Elastic Net,122,46.24,27.626087,21.645275929549907,21.275862
Elastic Net,123,51.01,27.281437,11.494867318982388,21.485039
Elastic Net,124,53.260000000000005,27.19671,9.379564774951076,21.513788
Elastic Net,125,61.7,26.486572,9.683924853228964,21.985846
Elastic Net,126,63.9,25.837242,9.273038747553816,22.399227
Elastic Net,127,63.0,25.490942,8.877370645792563,22.63074
Elastic Net,128,64.04,23.64163,4.311969471624267,23.775663
Elastic Net,129,52.04999999999999,22.750444,18.38862309197652,24.391558
Elastic Net,130,46.49,21.496437,30.608680234833663,25.19401
Elastic Net,131,49.15999999999999,22.572475,36.985023874755385,24.55
Elastic Net,132,58.07,24.236801,24.780184735812135,24.886086
Elastic Net,133,60.17,29.7621,21.3865698630137,23.85144
Elastic Net,134,59.99000000000001,28.937475,20.03216751467711,23.868868
Elastic Net,135,50.470000000000006,26.578886,31.704376516634056,24.63184
Elastic Net,136,44.87,36.00869,41.352590998043055,23.28514
Elastic Net,137,40.77,36.07802,43.69616360078278,23.904907
Elastic Net,138,36.66,31.196108,46.92238043052838,24.781229
Elastic Net,139,60.16,27.656689,16.410282583170257,25.517319
Elastic Net,140,43.48,23.559023,36.28499569471625,26.924856
Elastic Net,141,42.3,20.87373,36.4219577299413,27.563744
Elastic Net,142,26.74,18.300564,57.36193111545988,28.689228
Elastic Net,143,32.52,16.976095,45.62885009784737,29.452545
Elastic Net,144,26.82,17.793783,51.107331506849306,29.012638
Elastic Net,145,19.95,17.645014,58.39675538160472,28.959255
Elastic Net,146,31.07,17.299784,39.632956555773,29.102432
Elastic Net,147,36.78,17.575483,29.695600000000006,28.995253
Elastic Net,148,45.59,16.990088,18.586457142857146,29.157032
Elastic Net,149,48.55,17.364983,13.868875929549905,28.732725
Elastic Net,150,52.919999999999995,17.708765,11.829663405088064,28.49013
Elastic Net,151,50.17,18.79325,14.264544031311159,27.841656
Elastic Net,152,47.75000000000001,19.515093,17.551632876712333,27.385986
Elastic Net,153,36.7,20.430641,28.873827788649713,26.831543
Elastic Net,154,24.380000000000003,21.988134,35.18929941291586,25.830936
Elastic Net,155,20.3,22.777033,42.87439138943249,25.304243
Elastic Net,156,18.79,23.810135,47.98764070450098,24.750973
Elastic Net,157,26.579999999999995,26.023565,42.356979256360084,23.482323
Elastic Net,158,30.56,28.636244,38.36986223091977,21.764828
Elastic Net,159,30.44,30.186466,36.08716164383562,20.889383
Elastic Net,160,38.52,31.732878,28.645557729941295,19.587753
Elastic Net,161,43.79,31.922201,25.297596868884543,18.853224
Elastic Net,162,36.51,31.2167,32.29787866927593,18.997477
Elastic Net,163,33.05,31.115177,34.991465362035235,18.911175
Elastic Net,164,28.77,31.34681,38.339426223091984,18.613714
Elastic Net,165,28.02,30.792809,35.70671154598826,18.889551
Elastic Net,166,30.18,30.785624,28.843391780821925,18.85621
Elastic Net,167,28.62,30.979357,26.14980508806262,18.707014
Elastic Net,168,26.970000000000002,30.198566,25.297596868884543,19.16917
Elastic Net,169,25.360000000000003,29.230581,24.96280078277887,19.77511
Elastic Net,170,24.160000000000004,28.310833,23.486654403131116,20.389427
Elastic Net,171,21.55,27.087788,24.39973463796478,21.198694
Elastic Net,172,22.83,26.432867,20.199565557729944,21.672758
Elastic Net,173,21.05,25.683073,20.29087358121331,22.212904
Elastic Net,174,19.27,25.55292,20.123475538160474,22.374002
Elastic Net,175,18.05,24.274038,21.858327984344427,23.254156
Elastic Net,176,17.16,23.469923,21.432223874755387,23.863693
Elastic Net,177,14.230000000000002,23.11731,24.445388649706462,24.177467
Elastic Net,178,12.6,22.535069,26.925923287671235,24.631447
Elastic Net,179,8.65,22.231983,32.313096673189825,24.94508
Elastic Net,180,10.34,22.882877,30.95869432485323,24.651583
Elastic Net,181,11.95,23.227453,27.869439530332684,24.67016
Elastic Net,182,12.72,23.753386,29.284713894324863,24.550394
Elastic Net,183,10.28,23.451859,31.628286497064583,24.70197
Elastic Net,184,7.71,23.32299,34.093603131115465,24.8528
Elastic Net,185,6.330000000000001,22.432459,36.89371585127202,25.392023
Elastic Net,186,2.2100000000000004,22.205803,46.69411037181997,25.559565
Elastic Net,187,21.76,21.65892,44.39619178082192,25.87395
Elastic Net,188,36.58,21.871326,38.59813228962818,25.723324
Elastic Net,189,35.01,21.845713,41.80913111545989,25.692469
Elastic Net,190,46.62,22.579607,28.645557729941295,25.19246
Elastic Net,191,47.07,23.55739,26.073715068493158,24.532528
Elastic Net,192,49.63000000000001,22.84622,20.80828571428572,24.922153
Elastic Net,193,51.38999999999999,22.559805,17.338580821917812,25.099716
Elastic Net,194,52.36,23.158268,13.579733855185912,24.70632
Elastic Net,195,40.24,22.303694,20.18434755381605,25.170372
Elastic Net,196,40.58,22.732874,20.53436164383562,24.850216
Elastic Net,197,38.16,23.152924,24.82583874755382,24.519098
Elastic Net,198,37.17,22.626343,22.710536203522512,24.698088
Elastic Net,199,37.79,22.153637,18.875599217221136,24.971268
Elastic Net,200,42.95,22.108006,14.538468101761254,24.998058
Elastic Net,201,44.53,22.830566,12.773179647749512,24.545341
Elastic Net,202,43.62,22.173391,13.686259882583174,24.969572
Elastic Net,203,42.21,21.92786,14.644994129158516,25.146603
Elastic Net,204,38.25,22.068512,18.84516320939335,25.170416
Elastic Net,205,37.56,22.344465,19.819115459882585,25.221468
Elastic Net,206,38.94,23.297487,19.529973385518595,25.14022
Elastic Net,207,40.77,23.207418,20.853939726027402,25.276506
Elastic Net,208,42.24,23.886549,20.001731506849318,25.161406
Elastic Net,209,37.79,23.201372,24.795402739726036,25.3288
Elastic Net,210,38.08,21.824888,23.973630528375736,25.999779
Elastic Net,211,37.23,21.189016,24.323644618395306,26.239143
Elastic Net,212,33.33,20.32202,27.732477495107638,26.652515
Elastic Net,213,25.950000000000003,19.676361,29.57385596868885,27.026083
Elastic Net,214,19.76,19.409105,31.902210567514683,27.213675
Elastic Net,215,19.54,19.33323,27.549861448140906,27.286966
Elastic Net,216,22.58,19.009872,25.084544814090023,27.514187
Elastic Net,217,20.6,18.82858,26.423729158512725,27.63682
Elastic Net,218,21.59,18.708113,20.960465753424664,27.686506
Elastic Net,219,20.38,18.410727,17.779902935420747,27.83335
Elastic Net,220,19.9,18.164051,16.653770645792566,27.962027
Elastic Net,221,16.49,18.11037,17.01900273972603,28.030098
Elastic Net,222,16.84,17.203024,15.345022309197654,28.620314
Elastic Net,223,16.82,16.932322,15.512420352250492,28.827024
Elastic Net,224,19.84,17.239529,12.879705675146774,28.654194
Elastic Net,225,19.01,17.011765,18.03860900195695,28.799524
Elastic Net,226,18.56,17.49673,19.712589432485327,28.493557
Elastic Net,227,16.08,18.25247,25.891099021526426,28.01131
Elastic Net,228,14.98,18.876394,30.10648610567515,27.652338
Elastic Net,229,11.269999999999998,19.39222,33.363138943248536,27.364101
Elastic Net,230,9.58,20.625011,35.35669745596869,26.656322
Elastic Net,231,25.01,21.630743,28.234671624266152,26.284088
Elastic Net,232,27.36,22.257788,29.42167592954991,26.001268
Elastic Net,233,28.48,22.996645,29.223841878669283,25.328451
Elastic Net,234,23.020000000000003,22.979776,37.79157808219179,25.065308
Elastic Net,235,17.02,22.450197,40.4395107632094,25.135359
Elastic Net,236,12.059999999999999,22.620111,43.52876555772995,24.871517
Elastic Net,237,21.53,22.714863,37.41112798434443,24.720665
Elastic Net,238,37.8,24.536446,20.230001565557732,23.453596
Elastic Net,239,37.07,24.324064,17.840774951076323,23.461016
Elastic Net,240,36.47,24.412548,16.105922504892373,23.290419
Elastic Net,241,37.67,24.442957,13.336245792563606,23.109716
Elastic Net,242,37.19,22.935932,13.168847749510766,23.972467
Elastic Net,243,33.41,22.398249,15.451548336594914,24.22411
Elastic Net,244,23.2,20.576395,27.10853933463797,25.317064
Elastic Net,245,23.93,19.384474,24.658440704500986,26.09568
Elastic Net,246,51.400000000000006,21.74651,16.288538551859105,24.884611
Elastic Net,247,60.54999999999999,21.374254,11.662265362035228,25.137682
Elastic Net,248,45.89,21.187761,18.84516320939335,25.230637
Elastic Net,249,33.0,21.196016,38.71987632093934,25.254713
Elastic Net,250,12.33,19.922842,72.35166497064579,25.998951
Elastic Net,251,27.769999999999996,19.243422,53.816136203522504,26.48929
Elastic Net,252,18.45,29.50205,68.27323992172211,24.51435
Elastic Net,253,26.7,34.083115,49.88989119373778,23.537714
Elastic Net,254,28.26,40.78165,48.21591076320939,22.270092
Elastic Net,255,29.049999999999997,45.159897,50.742099412915856,21.58638
Elastic Net,256,36.47,46.329082,38.537260273972606,21.352827
Elastic Net,257,33.66,38.958347,41.53520704500979,22.679773
Elastic Net,258,33.08,42.69205,38.004630136986314,21.776932
Elastic Net,259,33.37,33.39443,37.12198590998044,23.285997
Elastic Net,260,39.04,32.317654,30.563026223091985,22.668587
Elastic Net,261,44.03,32.901367,23.714924461839534,21.772509
Elastic Net,262,47.68,31.894974,17.65815890410959,21.47804
Elastic Net,263,49.72,33.363914,15.847216438356169,20.447704
Elastic Net,264,47.830000000000005,33.783077,15.05588023483366,19.9246
Elastic Net,265,51.34,34.708332,10.429607045009787,19.0891
Elastic Net,266,51.32000000000001,34.716293,8.329522504892369,18.758875
Elastic Net,267,51.09,34.33131,6.822940117416831,18.681417
Elastic Net,268,49.37,33.54584,8.101252446183954,18.916395
Elastic Net,269,48.78000000000001,33.17264,8.938242661448141,19.112875
Elastic Net,270,48.19,32.23628,9.136076712328768,19.599894
Elastic Net,271,52.06,32.153877,9.34912876712329,19.672789
Elastic Net,272,52.28,32.214806,15.2232782778865,19.651304
Elastic Net,273,56.739999999999995,32.667225,15.05588023483366,19.2919
Elastic Net,274,54.71000000000001,31.918901,19.75824344422701,19.683008
Elastic Net,275,48.00000000000001,31.559471,27.610733463796482,19.889421
Elastic Net,276,47.720000000000006,37.275898,28.873827788649713,18.93141
Elastic Net,277,53.07,42.477158,22.710536203522512,17.772432
Elastic Net,278,57.96,41.064552,17.15596477495108,17.777817
Elastic Net,279,60.7,43.123978,14.34063405088063,16.892656
Elastic Net,280,56.730000000000004,48.864082,19.19517729941292,15.90948
Elastic Net,281,51.32000000000001,43.280144,25.754136986301376,16.879595
Elastic Net,282,46.79,40.191944,30.091268101761255,17.76597
Elastic Net,283,45.57,36.630836,30.73042426614482,18.64639
Elastic Net,284,39.9,33.56345,37.50243600782779,19.476046
Elastic Net,285,39.9,31.982285,35.85889158512721,20.041868
Elastic Net,286,40.08,30.313065,34.352309197651664,20.857576
Elastic Net,287,36.52,29.62457,34.017513111545995,21.278028
Elastic Net,288,29.23,27.868122,39.80035459882584,22.238998
Elastic Net,289,24.91,26.312843,40.926486888454015,23.065294
Elastic Net,290,24.37,25.62957,38.88727436399218,23.472939
Elastic Net,291,27.860000000000003,25.489338,32.63267475538161,23.50064
Elastic Net,292,28.210000000000004,23.875181,32.237006653620355,24.267033
Elastic Net,293,29.67,23.541954,28.508595694716245,24.475864
Elastic Net,294,32.77,22.82633,25.997625048923688,24.814419
Elastic Net,295,33.56,23.079643,22.83228023483366,24.711704
Elastic Net,296,33.67,23.303608,24.780184735812135,24.549265
Elastic Net,297,29.039999999999996,22.233187,33.363138943248536,25.229042
Elastic Net,298,20.49,22.852146,47.91155068493151,24.85363
Elastic Net,299,16.36,22.826408,53.54221213307241,24.891945
Elastic Net,300,17.48,23.26492,51.79214168297456,24.71875
Elastic Net,301,26.75,23.640669,40.02862465753425,24.740232
Elastic Net,302,29.62,24.851248,36.46761174168298,24.088837
Elastic Net,303,29.469999999999995,25.60284,37.2437299412916,23.87351
Elastic Net,304,26.81,25.992733,39.724264579256364,23.450537
Elastic Net,305,25.020000000000003,25.76409,43.34614951076321,23.339407
Elastic Net,306,18.52,25.395903,51.076895499021546,23.396801
Elastic Net,307,12.289999999999997,24.249657,59.172873581213324,23.978432
Elastic Net,308,8.35,23.706112,63.373042661448146,24.266254
Elastic Net,309,5.220000000000001,23.985434,66.11228336594912,24.06812
Elastic Net,310,7.0,23.301497,63.601312720156564,24.493872
Elastic Net,311,11.119999999999997,22.956469,54.44007436399218,24.66286
Elastic Net,312,16.16,22.61384,44.30488375733855,24.867535
Elastic Net,313,21.38,23.849787,36.49804774951077,24.051805
Elastic Net,314,26.57,23.515818,29.01078982387476,24.182085
Elastic Net,315,28.36,23.075335,21.569185909980437,24.361057
Elastic Net,316,28.749999999999996,23.970217,20.123475538160474,23.753918
Elastic Net,317,37.18,24.162853,12.240549510763213,23.524704
Elastic Net,318,43.7,23.558857,8.420830528375735,23.842077
Elastic Net,319,43.63,24.820627,9.638270841487282,23.030949
Elastic Net,320,47.38,25.69828,8.603446575342467,22.428185
Elastic Net,321,43.01,25.3314,15.208060273972608,22.615625
Elastic Net,322,41.56,26.497112,21.1278637964775,21.8409
Elastic Net,323,37.53,26.146997,28.85860978473582,22.051249
Elastic Net,324,32.58,26.386547,36.102379647749515,22.04937
Elastic Net,325,33.71,27.738047,35.28060743639922,21.291565
Elastic Net,326,37.82,27.364895,31.64350450097848,21.692728
Elastic Net,327,39.05,27.238344,30.13692211350294,22.040226
Elastic Net,328,38.04,26.050297,31.963082583170255,22.719572
Elastic Net,329,30.89,23.94951,42.38741526418787,24.040817
Elastic Net,330,20.51,22.653976,53.69439217221136,24.722206
Elastic Net,331,17.68,21.568178,57.25540508806263,25.31885
Elastic Net,332,11.379999999999999,20.709684,63.81436477495109,25.834414
Elastic Net,333,8.75,20.44966,56.98148101761254,25.994228
Elastic Net,334,9.91,19.848392,51.853013698630136,26.397654
Elastic Net,335,13.54,18.468271,47.66806262230921,27.200146
Elastic Net,336,10.35,18.239023,51.746487671232885,27.305603
Elastic Net,337,-0.8100000000000002,17.038025,67.573211741683,27.959656
Elastic Net,338,-1.47,15.564206,68.72978003913894,28.809177
Elastic Net,339,-1.7199999999999998,14.821619,63.236080626223114,29.22076
Elastic Net,340,-1.6,14.826585,60.40553189823875,29.226875
Elastic Net,341,-1.53,12.926959,64.94049706457926,30.435663
Elastic Net,342,-1.73,13.278192,61.455574168297474,30.279764
Elastic Net,343,-1.81,13.458575,61.57731819960862,30.275126
Elastic Net,344,1.24,14.235601,56.28145283757339,29.959318
Elastic Net,345,-1.43,15.8371725,60.785981996086115,29.11391
Elastic Net,346,8.53,16.82529,53.755264187866935,28.622662
Elastic Net,347,1.2599999999999998,16.233814,54.42485636007827,28.97769
Elastic Net,348,0.8599999999999999,16.495262,50.468175342465756,29.051786
Elastic Net,349,4.47,24.96239,47.1354324853229,28.056234
Elastic Net,350,6.330000000000001,31.743101,55.961874755381615,27.245924
Elastic Net,351,14.63,29.586012,52.65956790606655,27.864075
Elastic Net,352,18.27,38.379303,47.30283052837573,26.166004
Elastic Net,353,31.639999999999997,40.938457,35.70671154598826,25.285227
Elastic Net,354,45.4,37.535587,19.10386927592955,25.587635
Elastic Net,355,26.08,29.237503,44.517935812133075,27.291426
Elastic Net,356,24.82,26.18269,45.917992172211356,27.874931
Elastic Net,357,34.95,24.064829,30.83695029354208,27.9744
Elastic Net,358,25.46,23.119705,38.35464422700588,27.76908
Elastic Net,359,14.45,23.808167,47.91155068493151,27.267252
Elastic Net,360,8.73,24.475695,55.80969471624267,26.793396
Elastic Net,361,6.95,24.520311,57.10322504892368,26.538235
Elastic Net,362,7.380000000000001,24.707817,53.96831624266146,26.120123
Elastic Net,363,15.64,25.12474,37.19807592954991,25.66788
Elastic Net,364,22.4,25.999556,28.995571819960865,24.8293
Elastic Net,365,26.52,26.342016,24.612786692759304,24.30984
Elastic Net,366,30.65,27.010136,18.403841095890414,23.703617
Elastic Net,367,32.45,27.655237,18.875599217221136,23.277233
Elastic Net,368,31.599999999999998,28.088324,20.443053620352252,23.002037
Elastic Net,369,29.51,28.809458,21.006119765166343,22.570084
Elastic Net,370,25.909999999999997,29.380327,21.782237964774954,22.269114
Elastic Net,371,26.39,30.03184,19.19517729941292,21.924314
Elastic Net,372,24.11,30.53145,22.284432093933464,21.681553
Elastic Net,373,24.980000000000004,31.669939,20.975683757338555,20.920355
Elastic Net,374,24.390000000000004,32.08148,22.60401017612525,20.487976
Elastic Net,375,25.94,32.5694,20.732195694716246,20.184233
Elastic Net,376,24.170000000000005,32.359684,23.501872407045013,20.179022
Elastic Net,377,21.2,31.87287,27.899875538160476,20.222773
Elastic Net,378,18.3,30.831686,35.49365949119374,20.64501
Elastic Net,379,22.49,30.022003,36.832843835616444,21.114847
Elastic Net,380,31.939999999999998,29.908028,27.18462935420744,21.165352
Elastic Net,381,36.95,30.571196,24.49104266144814,20.77011
Elastic Net,382,39.25,30.7605,23.745360469667325,20.678999
Elastic Net,383,41.94,31.296083,18.52558512720157,20.387571
Elastic Net,384,42.49,31.365608,17.140746771037186,20.368158
Elastic Net,385,34.94,31.328035,19.012561252446186,20.409264
Elastic Net,386,35.69,31.735518,19.712589432485327,20.162159
Elastic Net,387,42.61,31.534033,13.00144970645793,20.277529
Elastic Net,388,47.26,31.418182,10.368735029354207,20.317104
Elastic Net,389,50.48,30.47524,8.116470450097847,20.879122
Elastic Net,390,42.86,29.90325,12.864487671232878,21.246433
Elastic Net,391,32.33,30.17658,18.11469902152642,21.078121
Elastic Net,392,27.39,29.40435,23.243166340508807,21.55692
Elastic Net,393,21.56,29.993532,31.415234442270062,21.20019
Elastic Net,394,13.569999999999999,30.044682,44.62446183953034,21.16653
Elastic Net,395,10.42,29.197565,46.511494324853246,21.735636
Elastic Net,396,14.22,30.061773,38.643786301369865,21.305416
Elastic Net,397,18.06,30.609173,36.33064970645793,21.153679
Elastic Net,398,15.839999999999998,31.033388,42.37219726027398,21.101305
Elastic Net,399,15.93,31.552162,45.826684148727985,20.945318
Elastic Net,400,16.48,31.27728,46.16148023483367,21.176655
Elastic Net,401,13.099999999999998,30.303543,52.52260587084149,21.673098
Elastic Net,402,6.699999999999999,29.607323,61.425138160469665,21.930899
Elastic Net,403,3.22,28.697239,63.570876712328776,22.338095
Elastic Net,404,2.1500000000000004,28.186657,63.81436477495109,22.548716
Elastic Net,405,1.32,27.99795,65.89923131115461,22.612055
Elastic Net,406,3.2799999999999994,27.525005,63.449132681017616,22.888773
Elastic Net,407,6.650000000000001,27.526947,60.75554598825833,22.870754
Elastic Net,408,10.889999999999999,28.146368,51.68561565557731,22.452791
Elastic Net,409,9.04,27.348179,51.1834215264188,22.929325
Elastic Net,410,13.739999999999998,26.899199,43.62007358121331,23.198553
Elastic Net,411,13.52,27.648945,36.66544579256361,22.713327
Elastic Net,412,18.28,27.311008,33.22617690802349,22.88888
Elastic Net,413,24.15,27.57195,24.56713268101762,22.67288
Elastic Net,414,25.3,27.804905,21.03655577299413,22.482473
Elastic Net,415,27.17,27.810263,17.779902935420747,22.443203
Elastic Net,416,26.260000000000005,26.999159,18.647329158512726,22.903116
Elastic Net,417,25.189999999999998,27.545843,23.21273033268102,22.547592
Elastic Net,418,21.38,27.585346,29.01078982387476,22.5014
Elastic Net,419,19.07,27.448332,32.237006653620355,22.579807
Elastic Net,420,17.46,27.339233,32.54136673189824,22.834959
Elastic Net,421,14.720000000000002,27.389105,34.06316712328768,22.906082
Elastic Net,422,12.8,28.694801,36.178469667318986,22.348764
Elastic Net,423,11.119999999999997,28.986137,37.35025596868885,22.253618
Elastic Net,424,7.88,29.152283,42.17436320939335,22.086113
Elastic Net,425,8.78,29.44483,44.04617769080236,21.88876
Elastic Net,426,6.490000000000001,28.512053,48.30721878669278,22.382492
Elastic Net,427,1.0399999999999998,28.000298,58.35110136986302,22.638653
Elastic Net,428,4.53,27.861643,56.144490802348336,22.722004
Elastic Net,429,13.04,27.833708,44.89838590998043,22.749493
Elastic Net,430,15.819999999999999,28.668854,39.80035459882584,22.227629
Elastic Net,431,10.08,29.020021,41.82434911937378,22.006773
Elastic Net,432,13.77,30.149916,33.08921487279844,21.276201
Elastic Net,433,16.34,30.078352,28.539031702544033,21.27701
Elastic Net,434,14.04,30.142414,29.893434050880632,21.192556
Elastic Net,435,13.399999999999999,30.201242,29.315149902152648,21.132689
Elastic Net,436,14.96,29.84767,30.258666144814097,21.331013
Elastic Net,437,16.65,29.772068,27.534643444227008,21.367489
Elastic Net,438,16.47,29.771566,28.599903718199617,21.352299
Elastic Net,439,19.54,30.046251,24.780184735812135,21.167158
Elastic Net,440,22.03,30.047161,19.956077495107635,21.147549
Elastic Net,441,19.46,30.157015,23.334474363992175,21.077168
Elastic Net,442,15.369999999999997,29.988552,29.102097847358124,21.198864
Elastic Net,443,11.64,30.200861,34.06316712328768,21.09857
Elastic Net,444,9.35,30.415552,37.73070606653621,21.055862
Elastic Net,445,12.69,30.971685,34.39796320939335,20.931189
Elastic Net,446,14.13,31.600323,35.25017142857143,20.71328
Elastic Net,447,16.52,32.19816,36.20890567514678,20.678766
Elastic Net,448,15.09,31.720303,42.706993346379654,21.163773
Elastic Net,449,13.66,31.13932,49.768147162426615,21.399
Elastic Net,450,9.88,30.418272,53.450904109589054,21.651842
Elastic Net,451,10.67,29.82546,53.26828806262231,21.864742
Elastic Net,452,16.21,29.616077,53.31394207436399,21.847176
Elastic Net,453,5.82,29.219542,61.28817612524463,22.027946
Elastic Net,454,2.0400000000000005,28.80231,68.77543405088062,22.271387
Elastic Net,455,8.26,28.342972,54.27267632093934,22.514235
Elastic Net,456,11.36,27.892748,42.859173385518595,22.776249
Elastic Net,457,10.949999999999998,27.450708,38.32420821917809,23.012934
Elastic Net,458,6.709999999999999,26.939558,42.509159295499025,23.272284
Elastic Net,459,3.2500000000000004,25.721643,49.08333698630138,23.998772
Elastic Net,460,2.1200000000000006,24.912506,52.32477181996088,24.467512
Elastic Net,461,3.1600000000000006,23.229067,47.69849863013699,25.405462
Elastic Net,462,4.19,22.678759,41.900439138943256,25.819092
Elastic Net,463,2.26,23.00047,44.88316790606654,25.648937
Elastic Net,464,-0.94,22.61366,52.52260587084149,25.87049
Elastic Net,465,-1.63,20.732086,53.253070058708424,26.84535
Elastic Net,466,-1.63,19.856665,61.07512407045011,27.292599
Elastic Net,467,-1.52,18.88899,63.007810567514674,27.833912
Elastic Net,468,-0.76,29.715462,71.42336673189826,26.503817
Elastic Net,469,0.6900000000000001,33.795593,74.04086340508806,26.203478
Elastic Net,470,3.34,39.076927,73.85824735812135,25.298588
Elastic Net,471,7.23,43.69415,68.07540587084151,24.354692
Elastic Net,472,16.64,45.176342,54.88139647749512,24.199938
Elastic Net,473,22.71,45.39644,48.352872798434454,24.252228
Elastic Net,474,17.8,41.774933,50.39208532289629,25.367731
Elastic Net,475,4.62,31.050028,65.27529315068494,27.678478
Elastic Net,476,-1.27,26.709072,77.51056829745598,28.976704
Elastic Net,477,-1.04,23.141012,76.27790998043054,29.931253
Elastic Net,478,-0.24,20.891832,78.36277651663406,30.365955
Elastic Net,479,-0.63,21.897491,64.8491890410959,29.8541
Elastic Net,480,-1.03,21.272905,50.939933463796486,30.036087
MLP,1,21.29,25.917183,46.11582622309198,24.534023
MLP,2,27.900000000000002,26.650036,45.27883600782779,24.831354
MLP,3,59.4,27.269203,8.05559843444227,23.221872
MLP,4,61.96,31.108007,10.338299021526419,19.600859
MLP,5,64.53,32.38054,7.644712328767125,19.02358
MLP,6,61.47999999999999,33.66118,13.701477886497068,18.411222
MLP,7,67.01,29.913446,5.8337698630137,19.398748
MLP,8,68.67,29.465282,4.433713502935421,19.746153
MLP,9,59.64000000000001,25.944725,9.607834833659492,22.167944
MLP,10,55.559999999999995,24.129213,14.58412211350294,23.458158
MLP,11,52.1,23.7665,19.75824344422701,24.025017
MLP,12,56.34000000000001,27.942034,20.15391154598826,21.810986
MLP,13,57.63,32.4465,16.121140508806267,18.987307
MLP,14,42.55,36.08493,25.221506849315073,15.763769
MLP,15,47.61,38.118294,20.24521956947163,12.645953
MLP,16,50.5,40.782795,18.921253228962822,12.312185
MLP,17,56.580000000000005,39.73075,15.071098238747556,13.096197
MLP,18,51.63999999999999,35.498997,22.132252054794527,15.164594
MLP,19,45.41,30.400564,25.480212915851276,17.193783
MLP,20,50.05,28.94825,20.61045166340509,17.894575
MLP,21,45.7,23.87412,23.09098630136987,19.110834
MLP,22,42.65,22.277836,22.253996086105676,20.153246
MLP,23,32.48,19.943228,28.6303397260274,21.36023
MLP,24,24.37,18.542637,36.49804774951077,22.116184
MLP,25,24.509999999999998,14.487223,34.48927123287672,24.28853
MLP,26,26.49,11.325986,27.869439530332684,25.67808
MLP,27,25.400000000000002,10.11932,27.473771428571435,27.479208
MLP,28,21.95,9.952162,24.856274755381612,28.205347
MLP,29,20.93,10.161589,22.893152250489244,29.110231
MLP,30,14.94,10.517286,25.221506849315073,29.925774
MLP,31,13.320000000000002,10.768625,24.673658708414873,30.39028
MLP,32,13.8,10.712228,24.080156555772998,30.891953
MLP,33,13.09,10.951906,24.56713268101762,31.294323
MLP,34,7.419999999999999,11.225772,28.93469980430529,31.49059
MLP,35,0.6700000000000002,10.581841,42.55481330724071,36.187454
MLP,36,3.1700000000000004,13.047725,48.58114285714287,37.972706
MLP,37,9.1,15.737378,48.596360861056766,33.874893
MLP,38,49.97,21.236797,9.927412915851274,26.789864
MLP,39,50.98,24.819752,11.662265362035228,21.220654
MLP,40,52.14,31.015537,14.766738160469671,19.965294
MLP,41,43.55,28.975788,22.086598043052845,21.904799
MLP,42,32.42,23.446095,35.12842739726028,27.144482
MLP,43,16.56,16.382137,57.25540508806263,29.950434
MLP,44,7.930000000000001,10.365111,66.416643444227,34.990284
MLP,45,2.7600000000000002,7.470083,75.57788180039141,37.2523
MLP,46,14.5,8.220783,64.08828884540118,36.794178
MLP,47,9.34,7.6047125,73.91911937377692,35.791935
MLP,48,15.26,9.753019,67.52755772994131,32.8652
MLP,49,38.32,10.292259,32.389186692759296,31.49128
MLP,50,51.300000000000004,12.978234,15.421112328767126,28.817915
MLP,51,51.18,15.4794235,12.92535968688846,27.341246
MLP,52,56.059999999999995,15.311357,7.599058317025441,26.0318
MLP,53,57.02000000000001,16.090586,10.338299021526419,25.293089
MLP,54,52.29,15.536061,12.742743639921724,24.856644
MLP,55,46.38,13.873184,20.549579647749514,24.841312
MLP,56,50.629999999999995,13.767469,14.447160078277891,24.851372
MLP,57,42.49,14.461743,26.77374324853229,24.357433
MLP,58,31.99,18.759775,41.07866692759296,23.241446
MLP,59,34.51,18.324059,34.38274520547946,24.021496
MLP,60,42.57,24.566647,16.440718590998046,23.346704
MLP,61,41.98,26.213966,17.262490802348342,20.044352
MLP,62,43.41,31.293167,16.395064579256363,18.644823
MLP,63,45.68,28.614685,15.725472407045013,16.246468
MLP,64,37.17,27.250599,24.414952641878678,18.819386
MLP,65,39.2,22.743124,23.8062324853229,26.395632
MLP,66,31.75,17.21296,35.00668336594912,33.54455
MLP,67,21.53,12.171173,46.252788258317025,39.126698
MLP,68,21.73,13.738976,43.22440547945206,37.902313
MLP,69,19.66,18.10463,41.733041095890414,33.5288
MLP,70,20.02,18.267862,40.667780821917816,32.68548
MLP,71,25.360000000000003,15.798819,34.67188727984345,35.17115
MLP,72,33.06,17.45319,31.506542465753434,34.098957
MLP,73,40.43,20.461689,25.20628884540118,29.696995
MLP,74,39.24,25.661943,25.830227005870846,24.422775
MLP,75,46.12,26.629969,16.258102544031313,21.344254
MLP,76,49.019999999999996,30.685928,14.995008219178086,18.783432
MLP,77,45.6,33.836544,12.423165557729945,17.753963
MLP,78,42.18,35.853645,13.290591780821918,17.760504
MLP,79,39.63,35.142696,13.990619960861059,18.39619
MLP,80,36.54,31.976723,23.851886497064587,19.931946
MLP,81,43.69,33.837673,14.888482191780824,19.38247
MLP,82,42.58,34.5059,17.74946692759296,18.471798
MLP,83,42.77,37.574516,16.942912720156556,16.119484
MLP,84,43.08,40.484673,16.364628571428575,15.371679
MLP,85,46.15,43.96166,13.777567906066539,14.862628
MLP,86,45.69,47.031372,20.82350371819961,14.432506
MLP,87,40.21,43.44057,31.3239264187867,15.982066
MLP,88,43.68,46.866795,21.325697847358125,15.034777
MLP,89,45.87,47.431828,18.510367123287676,13.461664
MLP,90,41.32,48.056328,27.702041487279853,12.392435
MLP,91,34.02,44.77672,40.13515068493151,15.282527
MLP,92,20.92,38.504223,58.381537377690805,19.045815
MLP,93,38.34,35.72689,32.19135264187868,20.440884
MLP,94,22.76,35.198605,44.57880782778866,18.576212
MLP,95,30.29,39.92722,31.034784344422704,14.923544
MLP,96,35.35,43.014095,23.136640313111556,12.489847
MLP,97,41.1,44.544834,19.393011350293545,12.1737
MLP,98,43.22,44.633656,18.692983170254408,11.969569
MLP,99,56.150000000000006,44.835052,8.131688454011742,11.27797
MLP,100,55.32,46.315327,9.242602739726028,10.348144
MLP,101,63.59,51.191814,4.859817612524464,9.817326
MLP,102,59.17,51.837704,5.331575733855186,10.36926
MLP,103,56.44,54.78256,5.970731898238748,9.559585
MLP,104,56.39,57.907204,5.635935812133074,9.447039
MLP,105,53.14,58.794334,10.444825048923681,8.913601
MLP,106,53.86000000000001,59.51439,13.062321722113506,8.163205
MLP,107,54.290000000000006,56.583862,13.777567906066539,8.941355
MLP,108,55.7,56.8375,13.8840939334638,8.369323
MLP,109,58.190000000000005,54.647346,13.777567906066539,8.962444
MLP,110,57.47999999999999,54.37481,15.938524461839531,9.108918
MLP,111,53.82,54.477592,18.66254716242662,9.423743
MLP,112,53.36,55.091473,15.771126418786695,9.18293
MLP,113,51.17,55.53833,18.571239138943252,8.781096
MLP,114,55.25,56.293255,16.45593659491194,8.525978
MLP,115,60.1,56.70416,15.527638356164388,8.550063
MLP,116,56.17,56.986485,18.875599217221136,8.977234
MLP,117,50.69,55.615036,24.62800469667319,10.165928
MLP,118,49.62,55.57793,20.45827162426615,11.079224
MLP,119,44.43,53.409397,26.77374324853229,13.431261
MLP,120,50.370000000000005,49.047707,17.855992954990217,16.53696
MLP,121,38.38,43.172276,33.86533307240705,20.122128
MLP,122,46.24,41.338913,21.645275929549907,20.783884
MLP,123,51.01,41.978245,11.494867318982388,18.80126
MLP,124,53.260000000000005,47.093037,9.379564774951076,13.901662
MLP,125,61.7,49.33666,9.683924853228964,11.858999
MLP,126,63.9,51.16326,9.273038747553816,10.29746
MLP,127,63.0,52.223675,8.877370645792563,9.936389
MLP,128,64.04,53.09261,4.311969471624267,10.6880865
MLP,129,52.04999999999999,52.586647,18.38862309197652,11.978488
MLP,130,46.49,47.505375,30.608680234833663,15.226138
MLP,131,49.15999999999999,51.782135,36.985023874755385,13.174256
MLP,132,58.07,49.118515,24.780184735812135,15.44685
MLP,133,60.17,49.44862,21.3865698630137,13.589363
MLP,134,59.99000000000001,50.015636,20.03216751467711,13.435849
MLP,135,50.470000000000006,48.41318,31.704376516634056,13.288438
MLP,136,44.87,47.63709,41.352590998043055,14.786267
MLP,137,40.77,44.12856,43.69616360078278,15.5263815
MLP,138,36.66,45.007854,46.92238043052838,16.681189
MLP,139,60.16,43.487408,16.410282583170257,19.14931
MLP,140,43.48,33.167118,36.28499569471625,24.570242
MLP,141,42.3,27.773085,36.4219577299413,27.298817
MLP,142,26.74,24.02409,57.36193111545988,29.811535
MLP,143,32.52,22.068218,45.62885009784737,31.194815
MLP,144,26.82,21.113329,51.107331506849306,32.90046
MLP,145,19.95,22.790031,58.39675538160472,31.097115
MLP,146,31.07,22.549694,39.632956555773,29.769005
MLP,147,36.78,21.62391,29.695600000000006,28.645052
MLP,148,45.59,20.081217,18.586457142857146,27.824146
MLP,149,48.55,19.132065,13.868875929549905,25.705614
MLP,150,52.919999999999995,20.087458,11.829663405088064,24.201818
MLP,151,50.17,19.979227,14.264544031311159,24.285782
MLP,152,47.75000000000001,19.72379,17.551632876712333,24.425295
MLP,153,36.7,20.274347,28.873827788649713,24.561047
MLP,154,24.380000000000003,21.370506,35.18929941291586,23.34134
MLP,155,20.3,25.474833,42.87439138943249,21.360107
MLP,156,18.79,29.486912,47.98764070450098,19.659145
MLP,157,26.579999999999995,36.833797,42.356979256360084,16.636194
MLP,158,30.56,41.910515,38.36986223091977,14.337807
MLP,159,30.44,44.52655,36.08716164383562,14.084664
MLP,160,38.52,48.83543,28.645557729941295,13.040581
MLP,161,43.79,48.486412,25.297596868884543,12.6273155
MLP,162,36.51,46.77375,32.29787866927593,13.201204
MLP,163,33.05,40.75855,34.991465362035235,14.549345
MLP,164,28.77,37.94889,38.339426223091984,14.607396
MLP,165,28.02,36.6846,35.70671154598826,14.922686
MLP,166,30.18,35.88979,28.843391780821925,14.55102
MLP,167,28.62,34.084225,26.14980508806262,13.909347
MLP,168,26.970000000000002,32.478264,25.297596868884543,13.872325
MLP,169,25.360000000000003,31.104038,24.96280078277887,15.088112
MLP,170,24.160000000000004,26.696018,23.486654403131116,17.10624
MLP,171,21.55,23.507393,24.39973463796478,19.249342
MLP,172,22.83,20.87272,20.199565557729944,21.028694
MLP,173,21.05,19.03532,20.29087358121331,23.056816
MLP,174,19.27,18.757326,20.123475538160474,23.961853
MLP,175,18.05,16.745071,21.858327984344427,26.118818
MLP,176,17.16,14.669737,21.432223874755387,28.090733
MLP,177,14.230000000000002,11.673296,24.445388649706462,29.799297
MLP,178,12.6,10.62383,26.925923287671235,31.11176
MLP,179,8.65,10.9120655,32.313096673189825,31.229507
MLP,180,10.34,10.176362,30.95869432485323,30.655432
MLP,181,11.95,10.016826,27.869439530332684,30.369791
MLP,182,12.72,12.383398,29.284713894324863,29.176067
MLP,183,10.28,11.38015,31.628286497064583,29.157276
MLP,184,7.71,10.274775,34.093603131115465,29.32553
MLP,185,6.330000000000001,9.425274,36.89371585127202,29.755314
MLP,186,2.2100000000000004,13.075942,46.69411037181997,27.893515
MLP,187,21.76,15.084031,44.39619178082192,26.3824
MLP,188,36.58,14.47427,38.59813228962818,25.89014
MLP,189,35.01,15.453488,41.80913111545989,25.228006
MLP,190,46.62,16.281391,28.645557729941295,23.694504
MLP,191,47.07,26.691763,26.073715068493158,19.153688
MLP,192,49.63000000000001,32.151737,20.80828571428572,17.831907
MLP,193,51.38999999999999,32.409473,17.338580821917812,18.732626
MLP,194,52.36,28.555819,13.579733855185912,18.521797
MLP,195,40.24,27.243484,20.18434755381605,19.353516
MLP,196,40.58,26.342434,20.53436164383562,19.231281
MLP,197,38.16,28.723606,24.82583874755382,17.75755
MLP,198,37.17,26.563793,22.710536203522512,17.879595
MLP,199,37.79,25.477745,18.875599217221136,18.920607
MLP,200,42.95,23.3907,14.538468101761254,19.319645
MLP,201,44.53,22.395182,12.773179647749512,19.158648
MLP,202,43.62,22.27355,13.686259882583174,19.966185
MLP,203,42.21,18.809074,14.644994129158516,21.177816
MLP,204,38.25,15.605874,18.84516320939335,22.311853
MLP,205,37.56,12.922987,19.819115459882585,23.506615
MLP,206,38.94,13.775665,19.529973385518595,23.469471
MLP,207,40.77,12.048325,20.853939726027402,24.463154
MLP,208,42.24,14.007434,20.001731506849318,24.216005
MLP,209,37.79,11.792175,24.795402739726036,25.778881
MLP,210,38.08,12.218393,23.973630528375736,26.961872
MLP,211,37.23,10.428812,24.323644618395306,27.8592
MLP,212,33.33,8.36168,27.732477495107638,29.146215
MLP,213,25.950000000000003,6.443279,29.57385596868885,30.6
MLP,214,19.76,4.6727242,31.902210567514683,32.133904
MLP,215,19.54,4.6297636,27.549861448140906,32.094448
MLP,216,22.58,4.092446,25.084544814090023,32.71961
MLP,217,20.6,3.1033077,26.423729158512725,32.78367
MLP,218,21.59,3.0463893,20.960465753424664,32.287704
MLP,219,20.38,4.091326,17.779902935420747,31.393135
MLP,220,19.9,4.971352,16.653770645792566,30.005476
MLP,221,16.49,5.2752337,17.01900273972603,29.380934
MLP,222,16.84,5.6210346,15.345022309197654,30.064465
MLP,223,16.82,5.739435,15.512420352250492,30.644382
MLP,224,19.84,4.761322,12.879705675146774,30.7721
MLP,225,19.01,3.5956461,18.03860900195695,31.343382
MLP,226,18.56,5.2445345,19.712589432485327,30.117493
MLP,227,16.08,6.6816516,25.891099021526426,28.53163
MLP,228,14.98,9.796936,30.10648610567515,26.165941
MLP,229,11.269999999999998,11.408127,33.363138943248536,25.145157
MLP,230,9.58,14.003523,35.35669745596869,22.369438
MLP,231,25.01,16.661871,28.234671624266152,20.180756
MLP,232,27.36,17.77077,29.42167592954991,19.062197
MLP,233,28.48,17.905914,29.223841878669283,18.806477
MLP,234,23.020000000000003,16.438662,37.79157808219179,20.350225
MLP,235,17.02,16.327568,40.4395107632094,22.114683
MLP,236,12.059999999999999,17.296074,43.52876555772995,22.33722
MLP,237,21.53,20.196596,37.41112798434443,21.010426
MLP,238,37.8,25.760538,20.230001565557732,17.60222
MLP,239,37.07,30.37802,17.840774951076323,15.522791
MLP,240,36.47,31.32391,16.105922504892373,16.133743
MLP,241,37.67,30.021008,13.336245792563606,15.494178
MLP,242,37.19,23.776106,13.168847749510766,16.552364
MLP,243,33.41,18.68627,15.451548336594914,17.595596
MLP,244,23.2,15.451501,27.10853933463797,18.49421
MLP,245,23.93,11.721242,24.658440704500986,21.659447
MLP,246,51.400000000000006,20.244413,16.288538551859105,18.818943
MLP,247,60.54999999999999,21.169628,11.662265362035228,20.092815
MLP,248,45.89,22.44402,18.84516320939335,18.82379
MLP,249,33.0,15.798977,38.71987632093934,21.428358
MLP,250,12.33,14.482817,72.35166497064579,22.649187
MLP,251,27.769999999999996,12.266676,53.816136203522504,24.395807
MLP,252,18.45,14.464753,68.27323992172211,28.98634
MLP,253,26.7,16.759996,49.88989119373778,27.578465
MLP,254,28.26,24.175434,48.21591076320939,22.362501
MLP,255,29.049999999999997,28.605612,50.742099412915856,16.94506
MLP,256,36.47,32.272636,38.537260273972606,16.084366
MLP,257,33.66,29.781164,41.53520704500979,19.583094
MLP,258,33.08,27.506289,38.004630136986314,23.024988
MLP,259,33.37,21.858679,37.12198590998044,26.118734
MLP,260,39.04,26.616234,30.563026223091985,24.897404
MLP,261,44.03,30.76516,23.714924461839534,21.758076
MLP,262,47.68,38.26432,17.65815890410959,15.276681
MLP,263,49.72,41.726917,15.847216438356169,12.531383
MLP,264,47.830000000000005,46.676918,15.05588023483366,11.502569
MLP,265,51.34,48.658474,10.429607045009787,11.138473
MLP,266,51.32000000000001,48.64991,8.329522504892369,11.1971445
MLP,267,51.09,46.85363,6.822940117416831,11.007164
MLP,268,49.37,43.11077,8.101252446183954,11.452337
MLP,269,48.78000000000001,41.219578,8.938242661448141,11.395845
MLP,270,48.19,36.244125,9.136076712328768,12.198208
MLP,271,52.06,34.9667,9.34912876712329,12.109923
MLP,272,52.28,33.53715,15.2232782778865,12.598905
MLP,273,56.739999999999995,35.11333,15.05588023483366,12.145464
MLP,274,54.71000000000001,36.040413,19.75824344422701,11.69031
MLP,275,48.00000000000001,35.70615,27.610733463796482,11.723579
MLP,276,47.720000000000006,35.457054,28.873827788649713,13.36918
MLP,277,53.07,37.616276,22.710536203522512,14.735477
MLP,278,57.96,39.996166,17.15596477495108,15.3563595
MLP,279,60.7,42.292946,14.34063405088063,15.703429
MLP,280,56.730000000000004,44.113964,19.19517729941292,14.840068
MLP,281,51.32000000000001,44.161873,25.754136986301376,17.281925
MLP,282,46.79,43.222866,30.091268101761255,20.161919
MLP,283,45.57,38.72905,30.73042426614482,22.950254
MLP,284,39.9,35.17111,37.50243600782779,23.811623
MLP,285,39.9,33.51835,35.85889158512721,22.478426
MLP,286,40.08,30.63638,34.352309197651664,20.95219
MLP,287,36.52,29.087505,34.017513111545995,20.12189
MLP,288,29.23,27.094784,39.80035459882584,20.907465
MLP,289,24.91,23.998852,40.926486888454015,22.760765
MLP,290,24.37,22.458841,38.88727436399218,23.342316
MLP,291,27.860000000000003,22.019777,32.63267475538161,22.380066
MLP,292,28.210000000000004,22.186789,32.237006653620355,21.222286
MLP,293,29.67,22.144957,28.508595694716245,20.127916
MLP,294,32.77,21.860807,25.997625048923688,19.99245
MLP,295,33.56,19.958971,22.83228023483366,20.892893
MLP,296,33.67,22.372581,24.780184735812135,19.72157
MLP,297,29.039999999999996,22.367266,33.363138943248536,20.365425
MLP,298,20.49,23.446777,47.91155068493151,19.385147
MLP,299,16.36,22.524212,53.54221213307241,19.451473
MLP,300,17.48,22.846565,51.79214168297456,19.712818
MLP,301,26.75,23.186209,40.02862465753425,19.942682
MLP,302,29.62,25.383018,36.46761174168298,18.449806
MLP,303,29.469999999999995,27.24133,37.2437299412916,17.819977
MLP,304,26.81,31.041956,39.724264579256364,17.246689
MLP,305,25.020000000000003,31.697638,43.34614951076321,18.548504
MLP,306,18.52,28.878328,51.076895499021546,20.703955
MLP,307,12.289999999999997,24.260208,59.172873581213324,23.121553
MLP,308,8.35,21.726856,63.373042661448146,23.523798
MLP,309,5.220000000000001,18.602896,66.11228336594912,22.936947
MLP,310,7.0,18.136255,63.601312720156564,23.110598
MLP,311,11.119999999999997,18.128876,54.44007436399218,22.819014
MLP,312,16.16,17.304262,44.30488375733855,22.707245
MLP,313,21.38,23.486584,36.49804774951077,19.758015
MLP,314,26.57,23.263924,29.01078982387476,19.227512
MLP,315,28.36,22.84248,21.569185909980437,18.86003
MLP,316,28.749999999999996,27.872505,20.123475538160474,16.66679
MLP,317,37.18,29.016981,12.240549510763213,14.942888
MLP,318,43.7,32.82252,8.420830528375735,14.330205
MLP,319,43.63,34.697906,9.638270841487282,13.536688
MLP,320,47.38,35.372334,8.603446575342467,11.897456
MLP,321,43.01,35.27378,15.208060273972608,12.1977
MLP,322,41.56,33.732254,21.1278637964775,12.400456
MLP,323,37.53,33.631638,28.85860978473582,12.320232
MLP,324,32.58,31.472977,36.102379647749515,13.150004
MLP,325,33.71,31.40308,35.28060743639922,12.411023
MLP,326,37.82,29.529163,31.64350450097848,13.138706
MLP,327,39.05,28.83648,30.13692211350294,15.001373
MLP,328,38.04,26.33843,31.963082583170255,17.780708
MLP,329,30.89,21.243864,42.38741526418787,21.851913
MLP,330,20.51,14.767723,53.69439217221136,25.828901
MLP,331,17.68,10.07851,57.25540508806263,29.552347
MLP,332,11.379999999999999,7.8731437,63.81436477495109,32.171803
MLP,333,8.75,8.093493,56.98148101761254,32.723316
MLP,334,9.91,7.7116094,51.853013698630136,33.40736
MLP,335,13.54,7.6367626,47.66806262230921,33.745373
MLP,336,10.35,6.606376,51.746487671232885,34.21946
MLP,337,-0.8100000000000002,5.6027546,67.573211741683,35.170387
MLP,338,-1.47,4.548278,68.72978003913894,36.450172
MLP,339,-1.7199999999999998,4.9593616,63.236080626223114,36.4084
MLP,340,-1.6,4.8822494,60.40553189823875,35.548748
MLP,341,-1.53,3.3387554,64.94049706457926,38.432915
MLP,342,-1.73,1.4213018,61.455574168297474,38.68784
MLP,343,-1.81,2.8430145,61.57731819960862,38.476357
MLP,344,1.24,3.3972082,56.28145283757339,37.193306
MLP,345,-1.43,2.6946929,60.785981996086115,35.317455
MLP,346,8.53,2.7280946,53.755264187866935,33.94443
MLP,347,1.2599999999999998,2.1711254,54.42485636007827,33.689285
MLP,348,0.8599999999999999,1.1095583,50.468175342465756,33.50858
MLP,349,4.47,5.5669107,47.1354324853229,35.250286
MLP,350,6.330000000000001,11.695281,55.961874755381615,32.776787
MLP,351,14.63,14.290827,52.65956790606655,30.889297
MLP,352,18.27,19.663502,47.30283052837573,28.954578
MLP,353,31.639999999999997,16.09159,35.70671154598826,29.032644
MLP,354,45.4,18.711613,19.10386927592955,31.428274
MLP,355,26.08,11.695794,44.517935812133075,38.12864
MLP,356,24.82,8.427924,45.917992172211356,40.98773
MLP,357,34.95,4.0266147,30.83695029354208,41.29613
MLP,358,25.46,7.358011,38.35464422700588,37.76319
MLP,359,14.45,11.248418,47.91155068493151,33.865
MLP,360,8.73,13.1158,55.80969471624267,32.48465
MLP,361,6.95,13.256594,57.10322504892368,31.305708
MLP,362,7.380000000000001,13.835109,53.96831624266146,28.586544
MLP,363,15.64,15.402395,37.19807592954991,26.17043
MLP,364,22.4,17.449251,28.995571819960865,23.155598
MLP,365,26.52,19.125935,24.612786692759304,21.550674
MLP,366,30.65,21.253302,18.403841095890414,21.107481
MLP,367,32.45,20.848755,18.875599217221136,21.707401
MLP,368,31.599999999999998,19.220678,20.443053620352252,22.523506
MLP,369,29.51,18.436043,21.006119765166343,22.537945
MLP,370,25.909999999999997,17.51982,21.782237964774954,22.201351
MLP,371,26.39,18.985277,19.19517729941292,21.787745
MLP,372,24.11,17.00917,22.284432093933464,22.054598
MLP,373,24.980000000000004,20.099346,20.975683757338555,21.590034
MLP,374,24.390000000000004,19.697567,22.60401017612525,21.021797
MLP,375,25.94,20.165365,20.732195694716246,20.77692
MLP,376,24.170000000000005,18.950424,23.501872407045013,21.448961
MLP,377,21.2,16.240725,27.899875538160476,23.186153
MLP,378,18.3,18.231466,35.49365949119374,23.96994
MLP,379,22.49,14.284291,36.832843835616444,25.850853
MLP,380,31.939999999999998,15.120615,27.18462935420744,25.26105
MLP,381,36.95,14.111143,24.49104266144814,25.371986
MLP,382,39.25,15.583076,23.745360469667325,25.039377
MLP,383,41.94,18.444273,18.52558512720157,24.312346
MLP,384,42.49,18.386223,17.140746771037186,24.141134
MLP,385,34.94,19.092274,19.012561252446186,23.688702
MLP,386,35.69,22.662563,19.712589432485327,21.77211
MLP,387,42.61,24.775305,13.00144970645793,20.686337
MLP,388,47.26,28.45821,10.368735029354207,19.250296
MLP,389,50.48,28.72622,8.116470450097847,19.005365
MLP,390,42.86,26.350817,12.864487671232878,19.408844
MLP,391,32.33,21.63231,18.11469902152642,20.127733
MLP,392,27.39,19.7165,23.243166340508807,21.201889
MLP,393,21.56,18.611832,31.415234442270062,21.576117
MLP,394,13.569999999999999,20.105286,44.62446183953034,20.481022
MLP,395,10.42,20.250334,46.511494324853246,21.185514
MLP,396,14.22,21.138111,38.643786301369865,20.815706
MLP,397,18.06,25.1055,36.33064970645793,19.23069
MLP,398,15.839999999999998,28.381012,42.37219726027398,18.819513
MLP,399,15.93,31.97879,45.826684148727985,17.949396
MLP,400,16.48,28.334354,46.16148023483367,19.351751
MLP,401,13.099999999999998,26.288443,52.52260587084149,20.674683
MLP,402,6.699999999999999,23.167122,61.425138160469665,21.943886
MLP,403,3.22,20.425228,63.570876712328776,22.45017
MLP,404,2.1500000000000004,17.583292,63.81436477495109,23.58253
MLP,405,1.32,18.038149,65.89923131115461,23.183758
MLP,406,3.2799999999999994,17.265244,63.449132681017616,23.241804
MLP,407,6.650000000000001,20.072626,60.75554598825833,22.438833
MLP,408,10.889999999999999,21.31391,51.68561565557731,21.24481
MLP,409,9.04,23.172205,51.1834215264188,20.87347
MLP,410,13.739999999999998,19.934195,43.62007358121331,22.122807
MLP,411,13.52,19.25604,36.66544579256361,21.733818
MLP,412,18.28,15.643611,33.22617690802349,23.253014
MLP,413,24.15,16.030668,24.56713268101762,23.747322
MLP,414,25.3,14.716004,21.03655577299413,24.200882
MLP,415,27.17,15.340789,17.779902935420747,23.976973
MLP,416,26.260000000000005,14.947298,18.647329158512726,24.109201
MLP,417,25.189999999999998,15.627187,23.21273033268102,23.308836
MLP,418,21.38,16.390482,29.01078982387476,22.736874
MLP,419,19.07,13.639428,32.237006653620355,24.017546
MLP,420,17.46,13.51191,32.54136673189824,24.117216
MLP,421,14.720000000000002,12.746674,34.06316712328768,24.164045
MLP,422,12.8,14.905244,36.178469667318986,23.517473
MLP,423,11.119999999999997,14.895524,37.35025596868885,24.187134
MLP,424,7.88,14.711156,42.17436320939335,25.2723
MLP,425,8.78,13.546761,44.04617769080236,25.912663
MLP,426,6.490000000000001,12.076465,48.30721878669278,26.139812
MLP,427,1.0399999999999998,8.909126,58.35110136986302,26.63518
MLP,428,4.53,6.7243347,56.144490802348336,26.495605
MLP,429,13.04,6.614857,44.89838590998043,26.497263
MLP,430,15.819999999999999,8.363036,39.80035459882584,26.19408
MLP,431,10.08,10.662534,41.82434911937378,25.902338
MLP,432,13.77,12.021934,33.08921487279844,25.756456
MLP,433,16.34,13.826849,28.539031702544033,25.055147
MLP,434,14.04,15.06461,29.893434050880632,24.092157
MLP,435,13.399999999999999,17.158207,29.315149902152648,22.803072
MLP,436,14.96,16.602518,30.258666144814097,23.045826
MLP,437,16.65,15.759976,27.534643444227008,23.457657
MLP,438,16.47,14.122773,28.599903718199617,24.086983
MLP,439,19.54,15.624106,24.780184735812135,23.277157
MLP,440,22.03,15.02292,19.956077495107635,23.144295
MLP,441,19.46,15.343199,23.334474363992175,22.76468
MLP,442,15.369999999999997,11.645935,29.102097847358124,23.828253
MLP,443,11.64,11.479809,34.06316712328768,23.8831
MLP,444,9.35,10.843953,37.73070606653621,24.208727
MLP,445,12.69,12.738616,34.39796320939335,23.977978
MLP,446,14.13,16.72278,35.25017142857143,22.89477
MLP,447,16.52,19.017082,36.20890567514678,22.422297
MLP,448,15.09,22.31791,42.706993346379654,22.063173
MLP,449,13.66,22.28192,49.768147162426615,22.37136
MLP,450,9.88,21.995203,53.450904109589054,22.15269
MLP,451,10.67,20.256033,53.26828806262231,22.77522
MLP,452,16.21,22.396456,53.31394207436399,21.746742
MLP,453,5.82,22.903105,61.28817612524463,21.120676
MLP,454,2.0400000000000005,21.910816,68.77543405088062,21.401474
MLP,455,8.26,18.737288,54.27267632093934,22.257631
MLP,456,11.36,15.152403,42.859173385518595,22.898932
MLP,457,10.949999999999998,12.823183,38.32420821917809,23.298048
MLP,458,6.709999999999999,10.441741,42.509159295499025,23.657242
MLP,459,3.2500000000000004,9.617686,49.08333698630138,24.560722
MLP,460,2.1200000000000006,7.7478027,52.32477181996088,25.9298
MLP,461,3.1600000000000006,7.3153896,47.69849863013699,26.627672
MLP,462,4.19,7.479255,41.900439138943256,27.482658
MLP,463,2.26,7.9201703,44.88316790606654,26.624372
MLP,464,-0.94,7.9999337,52.52260587084149,26.541483
MLP,465,-1.63,7.7908216,53.253070058708424,27.3773
MLP,466,-1.63,7.74962,61.07512407045011,27.205732
MLP,467,-1.52,7.827748,63.007810567514674,26.38047
MLP,468,-0.76,8.80873,71.42336673189826,33.91563
MLP,469,0.6900000000000001,7.293774,74.04086340508806,35.895737
MLP,470,3.34,10.859763,73.85824735812135,33.74085
MLP,471,7.23,14.717228,68.07540587084151,29.847143
MLP,472,16.64,17.230228,54.88139647749512,29.74911
MLP,473,22.71,16.462357,48.352872798434454,34.361122
MLP,474,17.8,12.049243,50.39208532289629,41.301327
MLP,475,4.62,2.4428232,65.27529315068494,50.310356
MLP,476,-1.27,-4.4067936,77.51056829745598,56.443516
MLP,477,-1.04,-11.136864,76.27790998043054,60.93006
MLP,478,-0.24,-11.204836,78.36277651663406,57.605656
MLP,479,-0.63,-9.741971,64.8491890410959,52.95323
MLP,480,-1.03,-10.001617,50.939933463796486,49.612328
LSTM,1,21.29,20.782215,46.11582622309198,26.608807
LSTM,2,27.900000000000002,20.273254,45.27883600782779,27.308857
LSTM,3,59.4,20.844799,8.05559843444227,27.234062
LSTM,4,61.96,23.245813,10.338299021526419,25.886227
LSTM,5,64.53,24.418652,7.644712328767125,25.233906
LSTM,6,61.47999999999999,24.827974,13.701477886497068,25.40565
LSTM,7,67.01,23.154285,5.8337698630137,26.760975
LSTM,8,68.67,22.945385,4.433713502935421,27.073835
LSTM,9,59.64000000000001,21.791769,9.607834833659492,27.810396
LSTM,10,55.559999999999995,20.911732,14.58412211350294,28.667252
LSTM,11,52.1,18.684698,19.75824344422701,30.118704
LSTM,12,56.34000000000001,19.983892,20.15391154598826,29.334215
LSTM,13,57.63,23.098627,16.121140508806267,27.414528
LSTM,14,42.55,26.470087,25.221506849315073,25.103004
LSTM,15,47.61,28.841673,20.24521956947163,23.333164
LSTM,16,50.5,31.686897,18.921253228962822,21.596415
LSTM,17,56.580000000000005,32.738937,15.071098238747556,21.052807
LSTM,18,51.63999999999999,30.464594,22.132252054794527,22.278456
LSTM,19,45.41,27.51865,25.480212915851276,23.278027
LSTM,20,50.05,25.491394,20.61045166340509,24.122854
LSTM,21,45.7,23.954893,23.09098630136987,24.750616
LSTM,22,42.65,22.720299,22.253996086105676,25.267366
LSTM,23,32.48,19.804749,28.6303397260274,26.804255
LSTM,24,24.37,18.78425,36.49804774951077,27.847168
LSTM,25,24.509999999999998,16.453428,34.48927123287672,29.623692
LSTM,26,26.49,14.080921,27.869439530332684,31.16816
LSTM,27,25.400000000000002,12.403212,27.473771428571435,32.380257
LSTM,28,21.95,11.709935,24.856274755381612,33.100895
LSTM,29,20.93,10.065078,22.893152250489244,34.441372
LSTM,30,14.94,9.6369915,25.221506849315073,34.8981
LSTM,31,13.320000000000002,9.581568,24.673658708414873,35.176697
LSTM,32,13.8,9.319917,24.080156555772998,35.471348
LSTM,33,13.09,8.945067,24.56713268101762,35.678402
LSTM,34,7.419999999999999,8.803102,28.93469980430529,35.873146
LSTM,35,0.6700000000000002,8.654983,42.55481330724071,36.151062
LSTM,36,3.1700000000000004,9.44553,48.58114285714287,35.944454
LSTM,37,9.1,11.062833,48.596360861056766,35.796654
LSTM,38,49.97,15.231562,9.927412915851274,33.249596
LSTM,39,50.98,17.721611,11.662265362035228,30.739464
LSTM,40,52.14,21.777779,14.766738160469671,28.2249
LSTM,41,43.55,21.596445,22.086598043052845,28.225515
LSTM,42,32.42,19.88201,35.12842739726028,29.50753
LSTM,43,16.56,16.573124,57.25540508806263,31.50854
LSTM,44,7.930000000000001,13.344321,66.416643444227,33.776737
LSTM,45,2.7600000000000002,6.147696,75.57788180039141,36.743145
LSTM,46,14.5,4.863744,64.08828884540118,36.971184
LSTM,47,9.34,4.7056575,73.91911937377692,36.61075
LSTM,48,15.26,5.985441,67.52755772994131,35.74493
LSTM,49,38.32,6.5963173,32.389186692759296,35.689156
LSTM,50,51.300000000000004,9.753686,15.421112328767126,34.7359
LSTM,51,51.18,10.98172,12.92535968688846,34.333244
LSTM,52,56.059999999999995,13.010176,7.599058317025441,33.70424
LSTM,53,57.02000000000001,13.802872,10.338299021526419,33.291897
LSTM,54,52.29,13.914551,12.742743639921724,32.667313
LSTM,55,46.38,14.699066,20.549579647749514,32.08424
LSTM,56,50.629999999999995,14.59221,14.447160078277891,32.04142
LSTM,57,42.49,14.960631,26.77374324853229,31.955969
LSTM,58,31.99,17.772598,41.07866692759296,30.769953
LSTM,59,34.51,20.04684,34.38274520547946,29.309656
LSTM,60,42.57,25.72246,16.440718590998046,26.022701
LSTM,61,41.98,30.879248,17.262490802348342,23.366167
LSTM,62,43.41,34.80239,16.395064579256363,22.075071
LSTM,63,45.68,33.077217,15.725472407045013,23.543322
LSTM,64,37.17,32.543823,24.414952641878678,25.450876
LSTM,65,39.2,28.928637,23.8062324853229,29.11547
LSTM,66,31.75,23.384285,35.00668336594912,33.243557
LSTM,67,21.53,17.42913,46.252788258317025,36.2024
LSTM,68,21.73,15.01908,43.22440547945206,36.60733
LSTM,69,19.66,15.993031,41.733041095890414,34.932724
LSTM,70,20.02,18.54616,40.667780821917816,32.99033
LSTM,71,25.360000000000003,16.726704,34.67188727984345,33.586704
LSTM,72,33.06,14.787583,31.506542465753434,34.45718
LSTM,73,40.43,16.307709,25.20628884540118,33.357937
LSTM,74,39.24,21.381727,25.830227005870846,30.46422
LSTM,75,46.12,23.833284,16.258102544031313,28.696138
LSTM,76,49.019999999999996,27.270565,14.995008219178086,26.428698
LSTM,77,45.6,29.847918,12.423165557729945,24.074327
LSTM,78,42.18,32.662888,13.290591780821918,21.463547
LSTM,79,39.63,32.03398,13.990619960861059,20.750208
LSTM,80,36.54,29.663597,23.851886497064587,21.310398
LSTM,81,43.69,28.37827,14.888482191780824,21.981243
LSTM,82,42.58,29.409353,17.74946692759296,21.400074
LSTM,83,42.77,33.118786,16.942912720156556,19.517597
LSTM,84,43.08,34.111828,16.364628571428575,18.587395
LSTM,85,46.15,35.656273,13.777567906066539,17.429907
LSTM,86,45.69,37.116985,20.82350371819961,16.60854
LSTM,87,40.21,35.339294,31.3239264187867,17.559223
LSTM,88,43.68,33.264744,21.325697847358125,18.807621
LSTM,89,45.87,32.964245,18.510367123287676,18.915743
LSTM,90,41.32,38.63436,27.702041487279853,16.2566
LSTM,91,34.02,35.137466,40.13515068493151,17.691114
LSTM,92,20.92,29.169329,58.381537377690805,20.99053
LSTM,93,38.34,23.912964,32.19135264187868,24.195866
LSTM,94,22.76,23.508402,44.57880782778866,24.36081
LSTM,95,30.29,27.359451,31.034784344422704,22.197748
LSTM,96,35.35,31.773647,23.136640313111556,19.580938
LSTM,97,41.1,34.28742,19.393011350293545,18.08335
LSTM,98,43.22,34.089767,18.692983170254408,17.710644
LSTM,99,56.150000000000006,33.87516,8.131688454011742,17.462852
LSTM,100,55.32,35.622078,9.242602739726028,16.237656
LSTM,101,63.59,38.44733,4.859817612524464,14.2332735
LSTM,102,59.17,41.835358,5.331575733855186,12.292421
LSTM,103,56.44,44.38766,5.970731898238748,10.7004385
LSTM,104,56.39,43.34419,5.635935812133074,10.53936
LSTM,105,53.14,46.204914,10.444825048923681,9.171765
LSTM,106,53.86000000000001,47.1356,13.062321722113506,8.613208
LSTM,107,54.290000000000006,44.096607,13.777567906066539,9.91387
LSTM,108,55.7,44.60297,13.8840939334638,10.043316
LSTM,109,58.190000000000005,44.222477,13.777567906066539,10.470551
LSTM,110,57.47999999999999,46.177147,15.938524461839531,10.248498
LSTM,111,53.82,46.015926,18.66254716242662,10.798874
LSTM,112,53.36,46.855152,15.771126418786695,11.05136
LSTM,113,51.17,48.16436,18.571239138943252,11.009292
LSTM,114,55.25,48.836422,16.45593659491194,10.952529
LSTM,115,60.1,48.347527,15.527638356164388,11.338158
LSTM,116,56.17,48.396877,18.875599217221136,12.010251
LSTM,117,50.69,47.597763,24.62800469667319,13.255396
LSTM,118,49.62,47.082188,20.45827162426615,14.430203
LSTM,119,44.43,45.885967,26.77374324853229,15.971739
LSTM,120,50.370000000000005,45.12274,17.855992954990217,17.44901
LSTM,121,38.38,41.542854,33.86533307240705,19.833914
LSTM,122,46.24,39.595177,21.645275929549907,21.39095
LSTM,123,51.01,38.85939,11.494867318982388,21.927132
LSTM,124,53.260000000000005,40.713413,9.379564774951076,20.514055
LSTM,125,61.7,42.235424,9.683924853228964,19.317556
LSTM,126,63.9,44.231693,9.273038747553816,18.158463
LSTM,127,63.0,42.502777,8.877370645792563,18.66532
LSTM,128,64.04,42.24261,4.311969471624267,18.67292
LSTM,129,52.04999999999999,41.017796,18.38862309197652,19.293833
LSTM,130,46.49,36.11696,30.608680234833663,21.741514
LSTM,131,49.15999999999999,34.788326,36.985023874755385,22.248575
LSTM,132,58.07,34.54372,24.780184735812135,21.890562
LSTM,133,60.17,39.538902,21.3865698630137,19.049149
LSTM,134,59.99000000000001,37.812588,20.03216751467711,19.681229
LSTM,135,50.470000000000006,38.0923,31.704376516634056,19.582968
LSTM,136,44.87,36.334423,41.352590998043055,20.434912
LSTM,137,40.77,34.335537,43.69616360078278,21.671505
LSTM,138,36.66,35.899544,46.92238043052838,22.790615
LSTM,139,60.16,33.88906,16.410282583170257,25.520853
LSTM,140,43.48,30.19837,36.28499569471625,27.996428
LSTM,141,42.3,26.439444,36.4219577299413,29.514467
LSTM,142,26.74,20.876278,57.36193111545988,31.580261
LSTM,143,32.52,18.781055,45.62885009784737,32.18802
LSTM,144,26.82,15.811674,51.107331506849306,33.54114
LSTM,145,19.95,15.334959,58.39675538160472,33.673107
LSTM,146,31.07,16.446535,39.632956555773,32.92222
LSTM,147,36.78,16.575905,29.695600000000006,32.848747
LSTM,148,45.59,14.825971,18.586457142857146,33.70061
LSTM,149,48.55,14.411406,13.868875929549905,33.712265
LSTM,150,52.919999999999995,14.811177,11.829663405088064,33.138687
LSTM,151,50.17,16.262564,14.264544031311159,31.850157
LSTM,152,47.75000000000001,17.891571,17.551632876712333,30.66195
LSTM,153,36.7,19.067848,28.873827788649713,29.48045
LSTM,154,24.380000000000003,20.732285,35.18929941291586,28.2548
LSTM,155,20.3,23.829462,42.87439138943249,26.329483
LSTM,156,18.79,27.077932,47.98764070450098,24.315475
LSTM,157,26.579999999999995,31.683508,42.356979256360084,21.933504
LSTM,158,30.56,36.500553,38.36986223091977,19.164312
LSTM,159,30.44,41.136555,36.08716164383562,16.517046
LSTM,160,38.52,42.98111,28.645557729941295,15.121291
LSTM,161,43.79,43.582565,25.297596868884543,14.807027
LSTM,162,36.51,43.620388,32.29787866927593,14.539759
LSTM,163,33.05,38.890106,34.991465362035235,16.047913
LSTM,164,28.77,35.57462,38.339426223091984,17.2091
LSTM,165,28.02,34.18252,35.70671154598826,17.584051
LSTM,166,30.18,33.974766,28.843391780821925,17.72965
LSTM,167,28.62,32.596912,26.14980508806262,18.571404
LSTM,168,26.970000000000002,31.290882,25.297596868884543,19.299932
LSTM,169,25.360000000000003,30.068954,24.96280078277887,20.057533
LSTM,170,24.160000000000004,27.46271,23.486654403131116,21.685808
LSTM,171,21.55,24.516993,24.39973463796478,23.470045
LSTM,172,22.83,21.854456,20.199565557729944,25.13112
LSTM,173,21.05,21.108183,20.29087358121331,26.077696
LSTM,174,19.27,20.06469,20.123475538160474,26.851543
LSTM,175,18.05,18.506554,21.858327984344427,27.90128
LSTM,176,17.16,17.558125,21.432223874755387,28.788355
LSTM,177,14.230000000000002,14.727459,24.445388649706462,30.698694
LSTM,178,12.6,13.55168,26.925923287671235,31.551998
LSTM,179,8.65,14.012383,32.313096673189825,31.493345
LSTM,180,10.34,13.932865,30.95869432485323,31.503044
LSTM,181,11.95,14.483143,27.869439530332684,30.930347
LSTM,182,12.72,15.881099,29.284713894324863,29.732315
LSTM,183,10.28,16.286533,31.628286497064583,29.348478
LSTM,184,7.71,16.074797,34.093603131115465,29.429472
LSTM,185,6.330000000000001,13.807442,36.89371585127202,30.685663
LSTM,186,2.2100000000000004,13.784447,46.69411037181997,30.780891
LSTM,187,21.76,14.689717,44.39619178082192,30.624249
LSTM,188,36.58,15.609249,38.59813228962818,30.109055
LSTM,189,35.01,15.154884,41.80913111545989,30.104404
LSTM,190,46.62,16.468908,28.645557729941295,29.05623
LSTM,191,47.07,20.446953,26.073715068493158,26.915462
LSTM,192,49.63000000000001,23.659344,20.80828571428572,24.913008
LSTM,193,51.38999999999999,25.789894,17.338580821917812,23.730413
LSTM,194,52.36,23.334854,13.579733855185912,24.817205
LSTM,195,40.24,21.640942,20.18434755381605,25.436485
LSTM,196,40.58,22.321714,20.53436164383562,25.001835
LSTM,197,38.16,22.757292,24.82583874755382,24.945173
LSTM,198,37.17,23.112825,22.710536203522512,24.608541
LSTM,199,37.79,23.141695,18.875599217221136,24.595898
LSTM,200,42.95,21.075588,14.538468101761254,25.651213
LSTM,201,44.53,20.438051,12.773179647749512,26.216915
LSTM,202,43.62,20.83749,13.686259882583174,26.142124
LSTM,203,42.21,20.34631,14.644994129158516,26.477213
LSTM,204,38.25,18.462576,18.84516320939335,27.795357
LSTM,205,37.56,16.732735,19.819115459882585,28.649593
LSTM,206,38.94,17.26415,19.529973385518595,28.366457
LSTM,207,40.77,18.03867,20.853939726027402,28.14495
LSTM,208,42.24,18.97819,20.001731506849318,27.918766
LSTM,209,37.79,18.148867,24.795402739726036,28.798409
LSTM,210,38.08,18.728706,23.973630528375736,29.06795
LSTM,211,37.23,16.765785,24.323644618395306,30.806757
LSTM,212,33.33,15.078535,27.732477495107638,32.109486
LSTM,213,25.950000000000003,13.788721,29.57385596868885,32.811237
LSTM,214,19.76,11.612024,31.902210567514683,33.78234
LSTM,215,19.54,10.867952,27.549861448140906,34.040028
LSTM,216,22.58,10.225331,25.084544814090023,34.232506
LSTM,217,20.6,9.827602,26.423729158512725,34.357887
LSTM,218,21.59,8.615528,20.960465753424664,34.907047
LSTM,219,20.38,8.761693,17.779902935420747,34.648888
LSTM,220,19.9,9.407437,16.653770645792566,34.11065
LSTM,221,16.49,8.936575,17.01900273972603,34.13358
LSTM,222,16.84,8.203722,15.345022309197654,34.42169
LSTM,223,16.82,7.244573,15.512420352250492,35.032585
LSTM,224,19.84,5.9291077,12.879705675146774,35.898285
LSTM,225,19.01,5.290048,18.03860900195695,36.04671
LSTM,226,18.56,5.379407,19.712589432485327,35.573616
LSTM,227,16.08,6.810363,25.891099021526426,34.543095
LSTM,228,14.98,9.763265,30.10648610567515,32.52978
LSTM,229,11.269999999999998,11.114128,33.363138943248536,31.250164
LSTM,230,9.58,13.795783,35.35669745596869,29.532883
LSTM,231,25.01,15.961098,28.234671624266152,28.108723
LSTM,232,27.36,18.66155,29.42167592954991,26.551401
LSTM,233,28.48,20.800005,29.223841878669283,25.602894
LSTM,234,23.020000000000003,20.805851,37.79157808219179,25.45672
LSTM,235,17.02,20.270632,40.4395107632094,25.52235
LSTM,236,12.059999999999999,19.918371,43.52876555772995,25.68196
LSTM,237,21.53,20.935347,37.41112798434443,25.346685
LSTM,238,37.8,23.641354,20.230001565557732,23.952436
LSTM,239,37.07,26.79152,17.840774951076323,22.266958
LSTM,240,36.47,28.94408,16.105922504892373,20.69891
LSTM,241,37.67,27.596163,13.336245792563606,21.22488
LSTM,242,37.19,24.932915,13.168847749510766,22.298578
LSTM,243,33.41,21.740837,15.451548336594914,23.802042
LSTM,244,23.2,17.133625,27.10853933463797,26.501852
LSTM,245,23.93,14.471001,24.658440704500986,28.382332
LSTM,246,51.400000000000006,14.948983,16.288538551859105,29.187595
LSTM,247,60.54999999999999,17.282223,11.662265362035228,28.746994
LSTM,248,45.89,23.609787,18.84516320939335,26.489363
LSTM,249,33.0,19.159447,38.71987632093934,28.69846
LSTM,250,12.33,17.230253,72.35166497064579,29.817856
LSTM,251,27.769999999999996,15.795156,53.816136203522504,30.82065
LSTM,252,18.45,17.060577,68.27323992172211,30.04332
LSTM,253,26.7,20.562359,49.88989119373778,28.176746
LSTM,254,28.26,28.478241,48.21591076320939,24.676111
LSTM,255,29.049999999999997,31.767612,50.742099412915856,22.94552
LSTM,256,36.47,33.432503,38.537260273972606,22.78596
LSTM,257,33.66,30.867947,41.53520704500979,25.284807
LSTM,258,33.08,27.815153,38.004630136986314,27.429482
LSTM,259,33.37,23.880178,37.12198590998044,29.420633
LSTM,260,39.04,24.598745,30.563026223091985,28.957779
LSTM,261,44.03,25.92281,23.714924461839534,26.776289
LSTM,262,47.68,32.18321,17.65815890410959,22.594759
LSTM,263,49.72,34.865524,15.847216438356169,20.39486
LSTM,264,47.830000000000005,36.89345,15.05588023483366,18.753864
LSTM,265,51.34,38.18064,10.429607045009787,17.394938
LSTM,266,51.32000000000001,39.6512,8.329522504892369,16.366379
LSTM,267,51.09,38.14761,6.822940117416831,16.624691
LSTM,268,49.37,35.168198,8.101252446183954,17.86509
LSTM,269,48.78000000000001,33.867226,8.938242661448141,18.704508
LSTM,270,48.19,30.686697,9.136076712328768,20.568457
LSTM,271,52.06,29.435743,9.34912876712329,21.73239
LSTM,272,52.28,27.92711,15.2232782778865,22.897991
LSTM,273,56.739999999999995,30.595953,15.05588023483366,22.081026
LSTM,274,54.71000000000001,33.03724,19.75824344422701,21.309992
LSTM,275,48.00000000000001,33.854668,27.610733463796482,21.085722
LSTM,276,47.720000000000006,33.928284,28.873827788649713,21.23633
LSTM,277,53.07,35.506084,22.710536203522512,20.510305
LSTM,278,57.96,39.30683,17.15596477495108,19.072008
LSTM,279,60.7,42.7683,14.34063405088063,17.588865
LSTM,280,56.730000000000004,43.915176,19.19517729941292,16.845753
LSTM,281,51.32000000000001,43.898647,25.754136986301376,17.146416
LSTM,282,46.79,42.545887,30.091268101761255,18.598846
LSTM,283,45.57,38.17993,30.73042426614482,20.957628
LSTM,284,39.9,34.93849,37.50243600782779,22.739655
LSTM,285,39.9,33.86509,35.85889158512721,22.964338
LSTM,286,40.08,32.6426,34.352309197651664,23.26695
LSTM,287,36.52,31.367071,34.017513111545995,23.75401
LSTM,288,29.23,29.29308,39.80035459882584,24.780235
LSTM,289,24.91,27.093699,40.926486888454015,25.770193
LSTM,290,24.37,24.82812,38.88727436399218,26.990534
LSTM,291,27.860000000000003,23.636822,32.63267475538161,27.464638
LSTM,292,28.210000000000004,24.020006,32.237006653620355,27.193367
LSTM,293,29.67,23.511452,28.508595694716245,27.343378
LSTM,294,32.77,22.235157,25.997625048923688,28.208696
LSTM,295,33.56,21.955448,22.83228023483366,28.4713
LSTM,296,33.67,22.067125,24.780184735812135,28.231869
LSTM,297,29.039999999999996,22.385954,33.363138943248536,28.051954
LSTM,298,20.49,23.360071,47.91155068493151,27.596985
LSTM,299,16.36,21.925358,53.54221213307241,28.297972
LSTM,300,17.48,22.748453,51.79214168297456,27.482399
LSTM,301,26.75,23.178831,40.02862465753425,27.070713
LSTM,302,29.62,24.507666,36.46761174168298,26.195442
LSTM,303,29.469999999999995,26.552492,37.2437299412916,25.209545
LSTM,304,26.81,29.521822,39.724264579256364,23.692753
LSTM,305,25.020000000000003,30.692688,43.34614951076321,23.191374
LSTM,306,18.52,30.271774,51.076895499021546,23.382702
LSTM,307,12.289999999999997,27.0655,59.172873581213324,24.822208
LSTM,308,8.35,24.351057,63.373042661448146,26.044909
LSTM,309,5.220000000000001,22.649698,66.11228336594912,26.868162
LSTM,310,7.0,21.804256,63.601312720156564,27.048838
LSTM,311,11.119999999999997,21.135754,54.44007436399218,27.090435
LSTM,312,16.16,20.777912,44.30488375733855,27.38285
LSTM,313,21.38,21.267694,36.49804774951077,26.7656
LSTM,314,26.57,22.092865,29.01078982387476,25.953651
LSTM,315,28.36,24.466476,21.569185909980437,24.448343
LSTM,316,28.749999999999996,22.772318,20.123475538160474,24.894182
LSTM,317,37.18,24.089233,12.240549510763213,23.93733
LSTM,318,43.7,28.099125,8.420830528375735,22.042236
LSTM,319,43.63,27.512201,9.638270841487282,22.12569
LSTM,320,47.38,29.171562,8.603446575342467,21.448305
LSTM,321,43.01,31.706398,15.208060273972608,20.173368
LSTM,322,41.56,31.188536,21.1278637964775,20.241522
LSTM,323,37.53,31.096642,28.85860978473582,20.444616
LSTM,324,32.58,31.406075,36.102379647749515,20.27787
LSTM,325,33.71,31.021576,35.28060743639922,20.58453
LSTM,326,37.82,31.092287,31.64350450097848,20.537962
LSTM,327,39.05,31.623682,30.13692211350294,20.478619
LSTM,328,38.04,29.347565,31.963082583170255,22.295923
LSTM,329,30.89,26.773746,42.38741526418787,24.55015
LSTM,330,20.51,22.607418,53.69439217221136,27.902845
LSTM,331,17.68,18.36306,57.25540508806263,31.080755
LSTM,332,11.379999999999999,16.62325,63.81436477495109,32.45255
LSTM,333,8.75,16.111546,56.98148101761254,33.047657
LSTM,334,9.91,15.823673,51.853013698630136,33.35324
LSTM,335,13.54,15.597954,47.66806262230921,33.464535
LSTM,336,10.35,13.291297,51.746487671232885,34.482918
LSTM,337,-0.8100000000000002,12.000105,67.573211741683,34.9768
LSTM,338,-1.47,10.467014,68.72978003913894,35.448772
LSTM,339,-1.7199999999999998,9.27251,63.236080626223114,36.17655
LSTM,340,-1.6,8.7457905,60.40553189823875,36.693516
LSTM,341,-1.53,7.117274,64.94049706457926,37.718555
LSTM,342,-1.73,5.000453,61.455574168297474,39.036503
LSTM,343,-1.81,3.5533674,61.57731819960862,40.343193
LSTM,344,1.24,4.5109587,56.28145283757339,39.476345
LSTM,345,-1.43,5.3251996,60.785981996086115,38.631454
LSTM,346,8.53,5.6456842,53.755264187866935,37.648926
LSTM,347,1.2599999999999998,6.418547,54.42485636007827,36.513977
LSTM,348,0.8599999999999999,6.548319,50.468175342465756,36.19125
LSTM,349,4.47,7.115605,47.1354324853229,35.57341
LSTM,350,6.330000000000001,11.871422,55.961874755381615,33.380505
LSTM,351,14.63,18.902878,52.65956790606655,31.884666
LSTM,352,18.27,21.764791,47.30283052837573,31.902058
LSTM,353,31.639999999999997,21.731567,35.70671154598826,32.613247
LSTM,354,45.4,24.259619,19.10386927592955,32.269653
LSTM,355,26.08,20.007729,44.517935812133075,35.18439
LSTM,356,24.82,13.785295,45.917992172211356,38.38124
LSTM,357,34.95,7.7795544,30.83695029354208,40.150322
LSTM,358,25.46,8.216518,38.35464422700588,38.197613
LSTM,359,14.45,10.464869,47.91155068493151,35.415947
LSTM,360,8.73,11.675178,55.80969471624267,33.574066
LSTM,361,6.95,12.290537,57.10322504892368,32.58882
LSTM,362,7.380000000000001,12.315677,53.96831624266146,32.016422
LSTM,363,15.64,12.637675,37.19807592954991,31.351349
LSTM,364,22.4,15.172657,28.995571819960865,29.546446
LSTM,365,26.52,17.384058,24.612786692759304,27.849178
LSTM,366,30.65,19.531685,18.403841095890414,26.200426
LSTM,367,32.45,20.778332,18.875599217221136,25.30316
LSTM,368,31.599999999999998,20.89159,20.443053620352252,24.9473
LSTM,369,29.51,19.164427,21.006119765166343,25.44105
LSTM,370,25.909999999999997,18.564823,21.782237964774954,25.514093
LSTM,371,26.39,19.71314,19.19517729941292,24.922575
LSTM,372,24.11,19.490286,22.284432093933464,25.027313
LSTM,373,24.980000000000004,20.035568,20.975683757338555,24.66164
LSTM,374,24.390000000000004,20.902231,22.60401017612525,24.064238
LSTM,375,25.94,22.992033,20.732195694716246,22.902637
LSTM,376,24.170000000000005,22.112726,23.501872407045013,23.210503
LSTM,377,21.2,21.292194,27.899875538160476,23.675982
LSTM,378,18.3,21.306879,35.49365949119374,23.891523
LSTM,379,22.49,19.296106,36.832843835616444,25.001642
LSTM,380,31.939999999999998,18.246183,27.18462935420744,25.795069
LSTM,381,36.95,17.052347,24.49104266144814,26.334045
LSTM,382,39.25,18.688223,23.745360469667325,25.363483
LSTM,383,41.94,20.056898,18.52558512720157,24.378338
LSTM,384,42.49,20.535738,17.140746771037186,23.95638
LSTM,385,34.94,21.320015,19.012561252446186,23.465603
LSTM,386,35.69,21.114605,19.712589432485327,23.330265
LSTM,387,42.61,22.312733,13.00144970645793,22.60797
LSTM,388,47.26,24.24822,10.368735029354207,21.629665
LSTM,389,50.48,23.32946,8.116470450097847,21.99455
LSTM,390,42.86,22.719236,12.864487671232878,22.356445
LSTM,391,32.33,21.198204,18.11469902152642,23.22758
LSTM,392,27.39,19.454235,23.243166340508807,23.996035
LSTM,393,21.56,19.407164,31.415234442270062,23.939379
LSTM,394,13.569999999999999,20.240278,44.62446183953034,23.693651
LSTM,395,10.42,20.933578,46.511494324853246,23.305267
LSTM,396,14.22,21.27644,38.643786301369865,23.263132
LSTM,397,18.06,22.142992,36.33064970645793,22.841671
LSTM,398,15.839999999999998,24.84448,42.37219726027398,21.382595
LSTM,399,15.93,27.38093,45.826684148727985,20.29491
LSTM,400,16.48,27.741701,46.16148023483367,20.339445
LSTM,401,13.099999999999998,26.830778,52.52260587084149,21.17494
LSTM,402,6.699999999999999,24.0648,61.425138160469665,22.916117
LSTM,403,3.22,22.877834,63.570876712328776,24.01616
LSTM,404,2.1500000000000004,21.403101,63.81436477495109,24.91569
LSTM,405,1.32,20.452091,65.89923131115461,25.461775
LSTM,406,3.2799999999999994,20.745455,63.449132681017616,25.338882
LSTM,407,6.650000000000001,21.71849,60.75554598825833,25.004808
LSTM,408,10.889999999999999,22.026371,51.68561565557731,24.90238
LSTM,409,9.04,23.718325,51.1834215264188,24.117567
LSTM,410,13.739999999999998,23.334597,43.62007358121331,24.189386
LSTM,411,13.52,21.740587,36.66544579256361,24.965328
LSTM,412,18.28,20.446129,33.22617690802349,25.22444
LSTM,413,24.15,20.820688,24.56713268101762,24.611933
LSTM,414,25.3,19.626091,21.03655577299413,24.927067
LSTM,415,27.17,20.104729,17.779902935420747,24.445486
LSTM,416,26.260000000000005,19.705557,18.647329158512726,24.538568
LSTM,417,25.189999999999998,19.691101,23.21273033268102,24.618052
LSTM,418,21.38,19.73083,29.01078982387476,24.686213
LSTM,419,19.07,20.1896,32.237006653620355,24.348356
LSTM,420,17.46,19.614784,32.54136673189824,24.698381
LSTM,421,14.720000000000002,18.60573,34.06316712328768,25.218298
LSTM,422,12.8,19.460312,36.178469667318986,24.805567
LSTM,423,11.119999999999997,19.809916,37.35025596868885,24.373869
LSTM,424,7.88,20.818886,42.17436320939335,23.732517
LSTM,425,8.78,20.186142,44.04617769080236,24.05841
LSTM,426,6.490000000000001,19.15286,48.30721878669278,24.671547
LSTM,427,1.0399999999999998,17.726582,58.35110136986302,25.575806
LSTM,428,4.53,15.773069,56.144490802348336,26.865564
LSTM,429,13.04,14.48498,44.89838590998043,27.493395
LSTM,430,15.819999999999999,15.223469,39.80035459882584,27.004782
LSTM,431,10.08,16.955889,41.82434911937378,25.936867
LSTM,432,13.77,18.124725,33.08921487279844,24.84145
LSTM,433,16.34,18.87031,28.539031702544033,24.100632
LSTM,434,14.04,19.804768,29.893434050880632,23.267807
LSTM,435,13.399999999999999,20.218857,29.315149902152648,23.02465
LSTM,436,14.96,20.119614,30.258666144814097,22.943943
LSTM,437,16.65,19.53956,27.534643444227008,23.15396
LSTM,438,16.47,18.375854,28.599903718199617,23.675148
LSTM,439,19.54,18.45659,24.780184735812135,23.582296
LSTM,440,22.03,18.744783,19.956077495107635,23.406849
LSTM,441,19.46,19.224047,23.334474363992175,23.145271
LSTM,442,15.369999999999997,17.698864,29.102097847358124,23.774883
LSTM,443,11.64,16.964853,34.06316712328768,24.02892
LSTM,444,9.35,16.408424,37.73070606653621,24.258997
LSTM,445,12.69,17.7083,34.39796320939335,23.65965
LSTM,446,14.13,19.223627,35.25017142857143,23.022106
LSTM,447,16.52,21.35654,36.20890567514678,22.182383
LSTM,448,15.09,23.48765,42.706993346379654,21.622046
LSTM,449,13.66,23.3746,49.768147162426615,22.203701
LSTM,450,9.88,22.765903,53.450904109589054,23.218098
LSTM,451,10.67,21.50855,53.26828806262231,24.14718
LSTM,452,16.21,21.05768,53.31394207436399,24.423677
LSTM,453,5.82,21.618876,61.28817612524463,24.07886
LSTM,454,2.0400000000000005,22.284191,68.77543405088062,23.756334
LSTM,455,8.26,20.695808,54.27267632093934,24.523293
LSTM,456,11.36,18.993216,42.859173385518595,25.246391
LSTM,457,10.949999999999998,17.584255,38.32420821917809,25.6677
LSTM,458,6.709999999999999,15.8758335,42.509159295499025,26.16002
LSTM,459,3.2500000000000004,14.318688,49.08333698630138,26.78106
LSTM,460,2.1200000000000006,12.221761,52.32477181996088,27.829945
LSTM,461,3.1600000000000006,9.675948,47.69849863013699,29.363522
LSTM,462,4.19,7.7147813,41.900439138943256,30.530743
LSTM,463,2.26,7.853606,44.88316790606654,30.810198
LSTM,464,-0.94,8.325946,52.52260587084149,30.6796
LSTM,465,-1.63,8.393467,53.253070058708424,30.480215
LSTM,466,-1.63,7.598625,61.07512407045011,31.043488
LSTM,467,-1.52,6.5032587,63.007810567514674,31.840155
LSTM,468,-0.76,7.4890985,71.42336673189826,31.445652
LSTM,469,0.6900000000000001,9.552665,74.04086340508806,31.26711
LSTM,470,3.34,13.466861,73.85824735812135,31.331469
LSTM,471,7.23,16.3318,68.07540587084151,31.133766
LSTM,472,16.64,19.784605,54.88139647749512,31.270332
LSTM,473,22.71,19.129824,48.352872798434454,33.16569
LSTM,474,17.8,15.628504,50.39208532289629,36.553185
LSTM,475,4.62,9.2395525,65.27529315068494,41.345306
LSTM,476,-1.27,0.6243684,77.51056829745598,46.11719
LSTM,477,-1.04,-7.229704,76.27790998043054,48.540382
LSTM,478,-0.24,-9.725333,78.36277651663406,48.53827
LSTM,479,-0.63,-9.077611,64.8491890410959,46.80356
LSTM,480,-1.03,-6.9225354,50.939933463796486,44.764824
